[{"model": "admin.logentry", "pk": 1, "fields": {"action_time": "2023-09-12T08:48:30.647Z", "user": 1, "content_type": 7, "object_id": "1", "object_repr": "localhost:8000", "action_flag": 2, "change_message": "[{\"changed\": {\"fields\": [\"Domain name\"]}}]"}}, {"model": "admin.logentry", "pk": 2, "fields": {"action_time": "2023-09-12T08:48:39.187Z", "user": 1, "content_type": 7, "object_id": "1", "object_repr": "localhost:8000", "action_flag": 2, "change_message": "[{\"changed\": {\"fields\": [\"Display name\"]}}]"}}, {"model": "admin.logentry", "pk": 3, "fields": {"action_time": "2023-09-12T08:48:53.843Z", "user": 1, "content_type": 11, "object_id": "1", "object_repr": "moodtunes", "action_flag": 1, "change_message": "[{\"added\": {}}]"}}, {"model": "admin.logentry", "pk": 4, "fields": {"action_time": "2023-09-12T08:49:26.419Z", "user": 1, "content_type": 15, "object_id": "Happy", "object_repr": "Happy", "action_flag": 1, "change_message": "[{\"added\": {}}]"}}, {"model": "admin.logentry", "pk": 5, "fields": {"action_time": "2023-09-12T08:49:29.666Z", "user": 1, "content_type": 15, "object_id": "Sad", "object_repr": "Sad", "action_flag": 1, "change_message": "[{\"added\": {}}]"}}, {"model": "admin.logentry", "pk": 6, "fields": {"action_time": "2023-09-12T08:49:32.042Z", "user": 1, "content_type": 15, "object_id": "Angry", "object_repr": "Angry", "action_flag": 1, "change_message": "[{\"added\": {}}]"}}, {"model": "admin.logentry", "pk": 7, "fields": {"action_time": "2023-09-12T08:49:34.660Z", "user": 1, "content_type": 15, "object_id": "Relaxed", "object_repr": "Relaxed", "action_flag": 1, "change_message": "[{\"added\": {}}]"}}, {"model": "admin.logentry", "pk": 8, "fields": {"action_time": "2023-09-12T08:49:37.446Z", "user": 1, "content_type": 15, "object_id": "Energetic", "object_repr": "Energetic", "action_flag": 1, "change_message": "[{\"added\": {}}]"}}, {"model": "admin.logentry", "pk": 9, "fields": {"action_time": "2023-09-12T08:49:39.882Z", "user": 1, "content_type": 15, "object_id": "Intense", "object_repr": "Intense", "action_flag": 1, "change_message": "[{\"added\": {}}]"}}, {"model": "admin.logentry", "pk": 10, "fields": {"action_time": "2023-09-12T08:49:43.123Z", "user": 1, "content_type": 15, "object_id": "Whatever", "object_repr": "Whatever", "action_flag": 1, "change_message": "[{\"added\": {}}]"}}, {"model": "admin.logentry", "pk": 11, "fields": {"action_time": "2023-09-12T08:50:54.635Z", "user": 1, "content_type": 17, "object_id": "29", "object_repr": "Angel (feat. TAEYEON)", "action_flag": 3, "change_message": ""}}, {"model": "admin.logentry", "pk": 12, "fields": {"action_time": "2023-09-12T08:50:54.639Z", "user": 1, "content_type": 17, "object_id": "26", "object_repr": "WANT", "action_flag": 3, "change_message": ""}}, {"model": "admin.logentry", "pk": 13, "fields": {"action_time": "2023-09-12T08:50:54.641Z", "user": 1, "content_type": 17, "object_id": "23", "object_repr": "들리나요…", "action_flag": 3, "change_message": ""}}, {"model": "admin.logentry", "pk": 14, "fields": {"action_time": "2023-09-12T08:50:54.642Z", "user": 1, "content_type": 17, "object_id": "20", "object_repr": "Don’t Forget", "action_flag": 3, "change_message": ""}}, {"model": "admin.logentry", "pk": 15, "fields": {"action_time": "2023-09-12T08:50:54.643Z", "user": 1, "content_type": 17, "object_id": "19", "object_repr": "Advice", "action_flag": 3, "change_message": ""}}, {"model": "admin.logentry", "pk": 16, "fields": {"action_time": "2023-09-12T08:50:54.644Z", "user": 1, "content_type": 17, "object_id": "17", "object_repr": "Hate that…", "action_flag": 3, "change_message": ""}}, {"model": "admin.logentry", "pk": 17, "fields": {"action_time": "2023-09-12T08:50:54.645Z", "user": 1, "content_type": 17, "object_id": "14", "object_repr": "Priority", "action_flag": 3, "change_message": ""}}, {"model": "admin.logentry", "pk": 18, "fields": {"action_time": "2023-09-12T08:50:54.646Z", "user": 1, "content_type": 17, "object_id": "13", "object_repr": "Lonely", "action_flag": 3, "change_message": ""}}, {"model": "admin.logentry", "pk": 19, "fields": {"action_time": "2023-09-12T08:50:54.647Z", "user": 1, "content_type": 17, "object_id": "9", "object_repr": "Shoong! (feat. LISA of BLACKPINK)", "action_flag": 3, "change_message": ""}}, {"model": "admin.logentry", "pk": 20, "fields": {"action_time": "2023-09-12T08:50:54.648Z", "user": 1, "content_type": 17, "object_id": "8", "object_repr": "그대라는 시", "action_flag": 3, "change_message": ""}}, {"model": "admin.logentry", "pk": 21, "fields": {"action_time": "2023-09-12T08:50:54.649Z", "user": 1, "content_type": 17, "object_id": "7", "object_repr": "Weekend", "action_flag": 3, "change_message": ""}}, {"model": "admin.logentry", "pk": 22, "fields": {"action_time": "2023-09-12T08:50:59.352Z", "user": 1, "content_type": 17, "object_id": "1", "object_repr": "INVU", "action_flag": 2, "change_message": "[]"}}, {"model": "admin.logentry", "pk": 23, "fields": {"action_time": "2023-09-12T08:51:03.156Z", "user": 1, "content_type": 17, "object_id": "2", "object_repr": "I", "action_flag": 2, "change_message": "[]"}}, {"model": "admin.logentry", "pk": 24, "fields": {"action_time": "2023-09-12T08:51:07.514Z", "user": 1, "content_type": 17, "object_id": "3", "object_repr": "11:11", "action_flag": 2, "change_message": "[{\"changed\": {\"fields\": [\"Mood\"]}}]"}}, {"model": "admin.logentry", "pk": 25, "fields": {"action_time": "2023-09-12T08:51:11.183Z", "user": 1, "content_type": 17, "object_id": "5", "object_repr": "Weekend", "action_flag": 2, "change_message": "[]"}}, {"model": "admin.logentry", "pk": 26, "fields": {"action_time": "2023-09-12T08:51:15.520Z", "user": 1, "content_type": 17, "object_id": "6", "object_repr": "Why", "action_flag": 2, "change_message": "[{\"changed\": {\"fields\": [\"Mood\"]}}]"}}, {"model": "admin.logentry", "pk": 27, "fields": {"action_time": "2023-09-12T08:51:20.641Z", "user": 1, "content_type": 17, "object_id": "11", "object_repr": "What Do I Call You", "action_flag": 2, "change_message": "[{\"changed\": {\"fields\": [\"Mood\"]}}]"}}, {"model": "admin.logentry", "pk": 28, "fields": {"action_time": "2023-09-12T08:51:26.577Z", "user": 1, "content_type": 17, "object_id": "12", "object_repr": "Spark", "action_flag": 2, "change_message": "[{\"changed\": {\"fields\": [\"Mood\"]}}]"}}, {"model": "admin.logentry", "pk": 29, "fields": {"action_time": "2023-09-12T08:51:34.890Z", "user": 1, "content_type": 17, "object_id": "15", "object_repr": "Rain", "action_flag": 2, "change_message": "[{\"changed\": {\"fields\": [\"Mood\"]}}]"}}, {"model": "admin.logentry", "pk": 30, "fields": {"action_time": "2023-09-12T08:51:41.258Z", "user": 1, "content_type": 17, "object_id": "16", "object_repr": "Stress", "action_flag": 2, "change_message": "[{\"changed\": {\"fields\": [\"Mood\"]}}]"}}, {"model": "admin.logentry", "pk": 31, "fields": {"action_time": "2023-09-12T08:51:46.209Z", "user": 1, "content_type": 17, "object_id": "18", "object_repr": "Four Seasons", "action_flag": 2, "change_message": "[{\"changed\": {\"fields\": [\"Mood\"]}}]"}}, {"model": "admin.logentry", "pk": 32, "fields": {"action_time": "2023-09-12T08:51:52.440Z", "user": 1, "content_type": 17, "object_id": "21", "object_repr": "11:11", "action_flag": 2, "change_message": "[{\"changed\": {\"fields\": [\"Mood\"]}}]"}}, {"model": "admin.logentry", "pk": 33, "fields": {"action_time": "2023-09-12T08:51:57.380Z", "user": 1, "content_type": 17, "object_id": "22", "object_repr": "Gravity", "action_flag": 2, "change_message": "[{\"changed\": {\"fields\": [\"Mood\"]}}]"}}, {"model": "admin.logentry", "pk": 34, "fields": {"action_time": "2023-09-12T08:52:03.043Z", "user": 1, "content_type": 17, "object_id": "24", "object_repr": "Blue", "action_flag": 2, "change_message": "[{\"changed\": {\"fields\": [\"Mood\"]}}]"}}, {"model": "admin.logentry", "pk": 35, "fields": {"action_time": "2023-09-12T08:52:08.462Z", "user": 1, "content_type": 17, "object_id": "25", "object_repr": "Starlight", "action_flag": 2, "change_message": "[{\"changed\": {\"fields\": [\"Mood\"]}}]"}}, {"model": "admin.logentry", "pk": 36, "fields": {"action_time": "2023-09-12T08:52:13.233Z", "user": 1, "content_type": 17, "object_id": "27", "object_repr": "Can't Control Myself", "action_flag": 2, "change_message": "[]"}}, {"model": "admin.logentry", "pk": 37, "fields": {"action_time": "2023-09-12T08:52:15.973Z", "user": 1, "content_type": 17, "object_id": "28", "object_repr": "U R", "action_flag": 2, "change_message": "[]"}}, {"model": "admin.logentry", "pk": 38, "fields": {"action_time": "2023-09-12T08:53:08.544Z", "user": 1, "content_type": 17, "object_id": "60", "object_repr": "The Man", "action_flag": 3, "change_message": ""}}, {"model": "admin.logentry", "pk": 39, "fields": {"action_time": "2023-09-12T08:53:08.547Z", "user": 1, "content_type": 17, "object_id": "59", "object_repr": "Grace and Beauty", "action_flag": 3, "change_message": ""}}, {"model": "admin.logentry", "pk": 40, "fields": {"action_time": "2023-09-12T08:53:08.548Z", "user": 1, "content_type": 17, "object_id": "58", "object_repr": "Taylor Swift Tickets", "action_flag": 3, "change_message": ""}}, {"model": "admin.logentry", "pk": 41, "fields": {"action_time": "2023-09-12T08:53:08.550Z", "user": 1, "content_type": 17, "object_id": "56", "object_repr": "Taylor Splift", "action_flag": 3, "change_message": ""}}, {"model": "admin.logentry", "pk": 42, "fields": {"action_time": "2023-09-12T08:53:08.551Z", "user": 1, "content_type": 17, "object_id": "55", "object_repr": "Enchanted", "action_flag": 3, "change_message": ""}}, {"model": "admin.logentry", "pk": 43, "fields": {"action_time": "2023-09-12T08:53:08.552Z", "user": 1, "content_type": 17, "object_id": "53", "object_repr": "Wairua", "action_flag": 3, "change_message": ""}}, {"model": "admin.logentry", "pk": 44, "fields": {"action_time": "2023-09-12T08:53:08.552Z", "user": 1, "content_type": 17, "object_id": "39", "object_repr": "Blank Space", "action_flag": 3, "change_message": ""}}, {"model": "admin.logentry", "pk": 45, "fields": {"action_time": "2023-09-12T08:53:27.918Z", "user": 1, "content_type": 17, "object_id": "109", "object_repr": "Still into You", "action_flag": 2, "change_message": "[{\"changed\": {\"fields\": [\"Mood\"]}}]"}}, {"model": "admin.logentry", "pk": 46, "fields": {"action_time": "2023-09-12T08:53:37.571Z", "user": 1, "content_type": 17, "object_id": "102", "object_repr": "Still into You", "action_flag": 3, "change_message": ""}}, {"model": "admin.logentry", "pk": 47, "fields": {"action_time": "2023-09-12T08:53:43.955Z", "user": 1, "content_type": 17, "object_id": "96", "object_repr": "Bleed It Out", "action_flag": 2, "change_message": "[{\"changed\": {\"fields\": [\"Mood\"]}}]"}}, {"model": "admin.logentry", "pk": 48, "fields": {"action_time": "2023-09-12T08:53:56.142Z", "user": 1, "content_type": 17, "object_id": "97", "object_repr": "Crawling", "action_flag": 2, "change_message": "[]"}}, {"model": "admin.logentry", "pk": 49, "fields": {"action_time": "2023-09-12T08:54:02.471Z", "user": 1, "content_type": 17, "object_id": "97", "object_repr": "Crawling", "action_flag": 2, "change_message": "[{\"changed\": {\"fields\": [\"Mood\"]}}]"}}, {"model": "admin.logentry", "pk": 50, "fields": {"action_time": "2023-09-12T08:54:10.876Z", "user": 1, "content_type": 17, "object_id": "93", "object_repr": "Numb", "action_flag": 2, "change_message": "[{\"changed\": {\"fields\": [\"Mood\"]}}]"}}, {"model": "admin.logentry", "pk": 51, "fields": {"action_time": "2023-09-12T08:54:14.951Z", "user": 1, "content_type": 17, "object_id": "92", "object_repr": "What I've Done", "action_flag": 2, "change_message": "[]"}}, {"model": "admin.logentry", "pk": 52, "fields": {"action_time": "2023-09-12T08:54:19.609Z", "user": 1, "content_type": 17, "object_id": "91", "object_repr": "In the End", "action_flag": 2, "change_message": "[]"}}, {"model": "admin.logentry", "pk": 53, "fields": {"action_time": "2023-09-12T08:54:41.238Z", "user": 1, "content_type": 17, "object_id": "140", "object_repr": "She Chose Me", "action_flag": 2, "change_message": "[]"}}, {"model": "admin.logentry", "pk": 54, "fields": {"action_time": "2023-09-12T08:54:43.635Z", "user": 1, "content_type": 17, "object_id": "139", "object_repr": "We Were Never Really Friends", "action_flag": 2, "change_message": "[]"}}, {"model": "admin.logentry", "pk": 55, "fields": {"action_time": "2023-09-12T08:54:46.393Z", "user": 1, "content_type": 17, "object_id": "138", "object_repr": "The End", "action_flag": 2, "change_message": "[]"}}, {"model": "admin.logentry", "pk": 56, "fields": {"action_time": "2023-09-12T08:54:50.453Z", "user": 1, "content_type": 17, "object_id": "137", "object_repr": "Regent's Park", "action_flag": 2, "change_message": "[{\"changed\": {\"fields\": [\"Mood\"]}}]"}}, {"model": "admin.logentry", "pk": 57, "fields": {"action_time": "2023-09-12T08:54:54.422Z", "user": 1, "content_type": 17, "object_id": "135", "object_repr": "The Most Beautiful Thing", "action_flag": 2, "change_message": "[{\"changed\": {\"fields\": [\"Mood\"]}}]"}}, {"model": "admin.logentry", "pk": 58, "fields": {"action_time": "2023-09-12T08:55:02.139Z", "user": 1, "content_type": 17, "object_id": "131", "object_repr": "Nothing", "action_flag": 2, "change_message": "[{\"changed\": {\"fields\": [\"Mood\"]}}]"}}, {"model": "admin.logentry", "pk": 59, "fields": {"action_time": "2023-09-12T08:55:45.475Z", "user": 1, "content_type": 17, "object_id": "198", "object_repr": "LADY GAGA", "action_flag": 3, "change_message": ""}}, {"model": "admin.logentry", "pk": 60, "fields": {"action_time": "2023-09-12T08:56:01.546Z", "user": 1, "content_type": 17, "object_id": "197", "object_repr": "Bloody Mary", "action_flag": 2, "change_message": "[{\"changed\": {\"fields\": [\"Mood\"]}}]"}}, {"model": "admin.logentry", "pk": 61, "fields": {"action_time": "2023-09-12T08:56:06.040Z", "user": 1, "content_type": 17, "object_id": "195", "object_repr": "Just Dance", "action_flag": 2, "change_message": "[{\"changed\": {\"fields\": [\"Mood\"]}}]"}}, {"model": "admin.logentry", "pk": 62, "fields": {"action_time": "2023-09-12T08:56:12.412Z", "user": 1, "content_type": 17, "object_id": "193", "object_repr": "Bad Romance", "action_flag": 2, "change_message": "[{\"changed\": {\"fields\": [\"Mood\"]}}]"}}, {"model": "admin.logentry", "pk": 63, "fields": {"action_time": "2023-09-13T03:35:22.201Z", "user": 1, "content_type": 4, "object_id": "2", "object_repr": "di_weeb", "action_flag": 2, "change_message": "[{\"changed\": {\"fields\": [\"password\"]}}]"}}, {"model": "admin.logentry", "pk": 64, "fields": {"action_time": "2023-09-13T03:35:41.605Z", "user": 1, "content_type": 4, "object_id": "2", "object_repr": "di_weeb", "action_flag": 2, "change_message": "[]"}}, {"model": "admin.logentry", "pk": 65, "fields": {"action_time": "2023-09-13T03:37:16.654Z", "user": 1, "content_type": 4, "object_id": "2", "object_repr": "di_weeb", "action_flag": 2, "change_message": "[{\"changed\": {\"fields\": [\"Staff status\"]}}]"}}, {"model": "admin.logentry", "pk": 66, "fields": {"action_time": "2023-09-13T03:37:58.441Z", "user": 1, "content_type": 4, "object_id": "2", "object_repr": "di_weeb", "action_flag": 2, "change_message": "[]"}}, {"model": "admin.logentry", "pk": 67, "fields": {"action_time": "2023-09-13T03:38:18.976Z", "user": 1, "content_type": 4, "object_id": "2", "object_repr": "di_weeb", "action_flag": 2, "change_message": "[{\"changed\": {\"fields\": [\"User permissions\"]}}]"}}, {"model": "admin.logentry", "pk": 68, "fields": {"action_time": "2023-09-13T03:39:03.514Z", "user": 2, "content_type": 17, "object_id": "230", "object_repr": "Bach Minuet in D Minor, BWV Anh 132", "action_flag": 3, "change_message": ""}}, {"model": "admin.logentry", "pk": 69, "fields": {"action_time": "2023-09-13T03:39:03.517Z", "user": 2, "content_type": 17, "object_id": "229", "object_repr": "Mundian To Bach Ke - Motivo Hi-Lectro Radio Edit", "action_flag": 3, "change_message": ""}}, {"model": "admin.logentry", "pk": 70, "fields": {"action_time": "2023-09-13T03:39:03.518Z", "user": 2, "content_type": 17, "object_id": "228", "object_repr": "Bach, JS: Concerto for Flute, Violin and Harpsichord in A Minor, BWV 1044: I. Allegro", "action_flag": 3, "change_message": ""}}, {"model": "admin.logentry", "pk": 71, "fields": {"action_time": "2023-09-13T03:39:03.519Z", "user": 2, "content_type": 17, "object_id": "227", "object_repr": "Mundian To Bach Ke", "action_flag": 3, "change_message": ""}}, {"model": "admin.logentry", "pk": 72, "fields": {"action_time": "2023-09-13T03:39:03.520Z", "user": 2, "content_type": 17, "object_id": "226", "object_repr": "Mundian To Bach Ke - Instrumental Mix", "action_flag": 3, "change_message": ""}}, {"model": "admin.logentry", "pk": 73, "fields": {"action_time": "2023-09-13T03:39:03.521Z", "user": 2, "content_type": 17, "object_id": "225", "object_repr": "Mundian to Bach Ke", "action_flag": 3, "change_message": ""}}, {"model": "admin.logentry", "pk": 74, "fields": {"action_time": "2023-09-13T03:39:03.522Z", "user": 2, "content_type": 17, "object_id": "224", "object_repr": "J.S. Bach: J.S. Bach: Orchestral Suite No. 3 in D Major, BWV 1068: 2. Air", "action_flag": 3, "change_message": ""}}, {"model": "admin.logentry", "pk": 75, "fields": {"action_time": "2023-09-13T03:39:03.523Z", "user": 2, "content_type": 17, "object_id": "223", "object_repr": "Beware Of The Boys (Mundian To Bach Ke)", "action_flag": 3, "change_message": ""}}, {"model": "admin.logentry", "pk": 76, "fields": {"action_time": "2023-09-13T03:39:03.524Z", "user": 2, "content_type": 17, "object_id": "222", "object_repr": "Mundian to Bach Ke", "action_flag": 3, "change_message": ""}}, {"model": "admin.logentry", "pk": 77, "fields": {"action_time": "2023-09-13T03:39:09.009Z", "user": 2, "content_type": 17, "object_id": "221", "object_repr": "Mundian To Bach Ke", "action_flag": 2, "change_message": "[]"}}, {"model": "admin.logentry", "pk": 78, "fields": {"action_time": "2023-09-15T02:15:29.576Z", "user": 2, "content_type": 17, "object_id": "244", "object_repr": "Circles", "action_flag": 2, "change_message": "[{\"changed\": {\"fields\": [\"Mood\"]}}]"}}, {"model": "auth.permission", "pk": 1, "fields": {"name": "Can add log entry", "content_type": 1, "codename": "add_logentry"}}, {"model": "auth.permission", "pk": 2, "fields": {"name": "Can change log entry", "content_type": 1, "codename": "change_logentry"}}, {"model": "auth.permission", "pk": 3, "fields": {"name": "Can delete log entry", "content_type": 1, "codename": "delete_logentry"}}, {"model": "auth.permission", "pk": 4, "fields": {"name": "Can view log entry", "content_type": 1, "codename": "view_logentry"}}, {"model": "auth.permission", "pk": 5, "fields": {"name": "Can add permission", "content_type": 2, "codename": "add_permission"}}, {"model": "auth.permission", "pk": 6, "fields": {"name": "Can change permission", "content_type": 2, "codename": "change_permission"}}, {"model": "auth.permission", "pk": 7, "fields": {"name": "Can delete permission", "content_type": 2, "codename": "delete_permission"}}, {"model": "auth.permission", "pk": 8, "fields": {"name": "Can view permission", "content_type": 2, "codename": "view_permission"}}, {"model": "auth.permission", "pk": 9, "fields": {"name": "Can add group", "content_type": 3, "codename": "add_group"}}, {"model": "auth.permission", "pk": 10, "fields": {"name": "Can change group", "content_type": 3, "codename": "change_group"}}, {"model": "auth.permission", "pk": 11, "fields": {"name": "Can delete group", "content_type": 3, "codename": "delete_group"}}, {"model": "auth.permission", "pk": 12, "fields": {"name": "Can view group", "content_type": 3, "codename": "view_group"}}, {"model": "auth.permission", "pk": 13, "fields": {"name": "Can add user", "content_type": 4, "codename": "add_user"}}, {"model": "auth.permission", "pk": 14, "fields": {"name": "Can change user", "content_type": 4, "codename": "change_user"}}, {"model": "auth.permission", "pk": 15, "fields": {"name": "Can delete user", "content_type": 4, "codename": "delete_user"}}, {"model": "auth.permission", "pk": 16, "fields": {"name": "Can view user", "content_type": 4, "codename": "view_user"}}, {"model": "auth.permission", "pk": 17, "fields": {"name": "Can add content type", "content_type": 5, "codename": "add_contenttype"}}, {"model": "auth.permission", "pk": 18, "fields": {"name": "Can change content type", "content_type": 5, "codename": "change_contenttype"}}, {"model": "auth.permission", "pk": 19, "fields": {"name": "Can delete content type", "content_type": 5, "codename": "delete_contenttype"}}, {"model": "auth.permission", "pk": 20, "fields": {"name": "Can view content type", "content_type": 5, "codename": "view_contenttype"}}, {"model": "auth.permission", "pk": 21, "fields": {"name": "Can add session", "content_type": 6, "codename": "add_session"}}, {"model": "auth.permission", "pk": 22, "fields": {"name": "Can change session", "content_type": 6, "codename": "change_session"}}, {"model": "auth.permission", "pk": 23, "fields": {"name": "Can delete session", "content_type": 6, "codename": "delete_session"}}, {"model": "auth.permission", "pk": 24, "fields": {"name": "Can view session", "content_type": 6, "codename": "view_session"}}, {"model": "auth.permission", "pk": 25, "fields": {"name": "Can add site", "content_type": 7, "codename": "add_site"}}, {"model": "auth.permission", "pk": 26, "fields": {"name": "Can change site", "content_type": 7, "codename": "change_site"}}, {"model": "auth.permission", "pk": 27, "fields": {"name": "Can delete site", "content_type": 7, "codename": "delete_site"}}, {"model": "auth.permission", "pk": 28, "fields": {"name": "Can view site", "content_type": 7, "codename": "view_site"}}, {"model": "auth.permission", "pk": 29, "fields": {"name": "Can add email address", "content_type": 8, "codename": "add_emailaddress"}}, {"model": "auth.permission", "pk": 30, "fields": {"name": "Can change email address", "content_type": 8, "codename": "change_emailaddress"}}, {"model": "auth.permission", "pk": 31, "fields": {"name": "Can delete email address", "content_type": 8, "codename": "delete_emailaddress"}}, {"model": "auth.permission", "pk": 32, "fields": {"name": "Can view email address", "content_type": 8, "codename": "view_emailaddress"}}, {"model": "auth.permission", "pk": 33, "fields": {"name": "Can add email confirmation", "content_type": 9, "codename": "add_emailconfirmation"}}, {"model": "auth.permission", "pk": 34, "fields": {"name": "Can change email confirmation", "content_type": 9, "codename": "change_emailconfirmation"}}, {"model": "auth.permission", "pk": 35, "fields": {"name": "Can delete email confirmation", "content_type": 9, "codename": "delete_emailconfirmation"}}, {"model": "auth.permission", "pk": 36, "fields": {"name": "Can view email confirmation", "content_type": 9, "codename": "view_emailconfirmation"}}, {"model": "auth.permission", "pk": 37, "fields": {"name": "Can add social account", "content_type": 10, "codename": "add_socialaccount"}}, {"model": "auth.permission", "pk": 38, "fields": {"name": "Can change social account", "content_type": 10, "codename": "change_socialaccount"}}, {"model": "auth.permission", "pk": 39, "fields": {"name": "Can delete social account", "content_type": 10, "codename": "delete_socialaccount"}}, {"model": "auth.permission", "pk": 40, "fields": {"name": "Can view social account", "content_type": 10, "codename": "view_socialaccount"}}, {"model": "auth.permission", "pk": 41, "fields": {"name": "Can add social application", "content_type": 11, "codename": "add_socialapp"}}, {"model": "auth.permission", "pk": 42, "fields": {"name": "Can change social application", "content_type": 11, "codename": "change_socialapp"}}, {"model": "auth.permission", "pk": 43, "fields": {"name": "Can delete social application", "content_type": 11, "codename": "delete_socialapp"}}, {"model": "auth.permission", "pk": 44, "fields": {"name": "Can view social application", "content_type": 11, "codename": "view_socialapp"}}, {"model": "auth.permission", "pk": 45, "fields": {"name": "Can add social application token", "content_type": 12, "codename": "add_socialtoken"}}, {"model": "auth.permission", "pk": 46, "fields": {"name": "Can change social application token", "content_type": 12, "codename": "change_socialtoken"}}, {"model": "auth.permission", "pk": 47, "fields": {"name": "Can delete social application token", "content_type": 12, "codename": "delete_socialtoken"}}, {"model": "auth.permission", "pk": 48, "fields": {"name": "Can view social application token", "content_type": 12, "codename": "view_socialtoken"}}, {"model": "auth.permission", "pk": 49, "fields": {"name": "Can add Token", "content_type": 13, "codename": "add_token"}}, {"model": "auth.permission", "pk": 50, "fields": {"name": "Can change Token", "content_type": 13, "codename": "change_token"}}, {"model": "auth.permission", "pk": 51, "fields": {"name": "Can delete Token", "content_type": 13, "codename": "delete_token"}}, {"model": "auth.permission", "pk": 52, "fields": {"name": "Can view Token", "content_type": 13, "codename": "view_token"}}, {"model": "auth.permission", "pk": 53, "fields": {"name": "Can add token", "content_type": 14, "codename": "add_tokenproxy"}}, {"model": "auth.permission", "pk": 54, "fields": {"name": "Can change token", "content_type": 14, "codename": "change_tokenproxy"}}, {"model": "auth.permission", "pk": 55, "fields": {"name": "Can delete token", "content_type": 14, "codename": "delete_tokenproxy"}}, {"model": "auth.permission", "pk": 56, "fields": {"name": "Can view token", "content_type": 14, "codename": "view_tokenproxy"}}, {"model": "auth.permission", "pk": 57, "fields": {"name": "Can add mood", "content_type": 15, "codename": "add_mood"}}, {"model": "auth.permission", "pk": 58, "fields": {"name": "Can change mood", "content_type": 15, "codename": "change_mood"}}, {"model": "auth.permission", "pk": 59, "fields": {"name": "Can delete mood", "content_type": 15, "codename": "delete_mood"}}, {"model": "auth.permission", "pk": 60, "fields": {"name": "Can view mood", "content_type": 15, "codename": "view_mood"}}, {"model": "auth.permission", "pk": 61, "fields": {"name": "Can add sub moods", "content_type": 16, "codename": "add_submoods"}}, {"model": "auth.permission", "pk": 62, "fields": {"name": "Can change sub moods", "content_type": 16, "codename": "change_submoods"}}, {"model": "auth.permission", "pk": 63, "fields": {"name": "Can delete sub moods", "content_type": 16, "codename": "delete_submoods"}}, {"model": "auth.permission", "pk": 64, "fields": {"name": "Can view sub moods", "content_type": 16, "codename": "view_submoods"}}, {"model": "auth.permission", "pk": 65, "fields": {"name": "Can add songs", "content_type": 17, "codename": "add_songs"}}, {"model": "auth.permission", "pk": 66, "fields": {"name": "Can change songs", "content_type": 17, "codename": "change_songs"}}, {"model": "auth.permission", "pk": 67, "fields": {"name": "Can delete songs", "content_type": 17, "codename": "delete_songs"}}, {"model": "auth.permission", "pk": 68, "fields": {"name": "Can view songs", "content_type": 17, "codename": "view_songs"}}, {"model": "auth.permission", "pk": 69, "fields": {"name": "Can add playlist", "content_type": 18, "codename": "add_playlist"}}, {"model": "auth.permission", "pk": 70, "fields": {"name": "Can change playlist", "content_type": 18, "codename": "change_playlist"}}, {"model": "auth.permission", "pk": 71, "fields": {"name": "Can delete playlist", "content_type": 18, "codename": "delete_playlist"}}, {"model": "auth.permission", "pk": 72, "fields": {"name": "Can view playlist", "content_type": 18, "codename": "view_playlist"}}, {"model": "auth.permission", "pk": 73, "fields": {"name": "Can add user temp token", "content_type": 19, "codename": "add_usertemptoken"}}, {"model": "auth.permission", "pk": 74, "fields": {"name": "Can change user temp token", "content_type": 19, "codename": "change_usertemptoken"}}, {"model": "auth.permission", "pk": 75, "fields": {"name": "Can delete user temp token", "content_type": 19, "codename": "delete_usertemptoken"}}, {"model": "auth.permission", "pk": 76, "fields": {"name": "Can view user temp token", "content_type": 19, "codename": "view_usertemptoken"}}, {"model": "auth.user", "pk": 1, "fields": {"password": "pbkdf2_sha256$600000$xA1tRnlOJ1J96hTDAXJ5xB$WtRMUJDbSa1W73sVP6gWdyjmvhWfFn5JCeCp50+HdVc=", "last_login": "2023-09-14T02:48:56.500Z", "is_superuser": true, "username": "dionis", "first_name": "", "last_name": "", "email": "dionis@gmail.com", "is_staff": true, "is_active": true, "date_joined": "2023-09-12T08:47:42.001Z", "groups": [], "user_permissions": []}}, {"model": "auth.user", "pk": 2, "fields": {"password": "pbkdf2_sha256$600000$8ixpfXwpyYl4fBT4TUBQwV$0RbuSTRzsede0M02+3DJOIy8FpNkshNhN9+4TVLRkyU=", "last_login": "2023-09-15T02:26:36.131Z", "is_superuser": false, "username": "di_weeb", "first_name": "di_weeb", "last_name": "", "email": "", "is_staff": true, "is_active": true, "date_joined": "2023-09-12T08:58:06Z", "groups": [], "user_permissions": [57, 58, 59, 60, 65, 66, 67, 68]}}, {"model": "contenttypes.contenttype", "pk": 1, "fields": {"app_label": "admin", "model": "logentry"}}, {"model": "contenttypes.contenttype", "pk": 2, "fields": {"app_label": "auth", "model": "permission"}}, {"model": "contenttypes.contenttype", "pk": 3, "fields": {"app_label": "auth", "model": "group"}}, {"model": "contenttypes.contenttype", "pk": 4, "fields": {"app_label": "auth", "model": "user"}}, {"model": "contenttypes.contenttype", "pk": 5, "fields": {"app_label": "contenttypes", "model": "contenttype"}}, {"model": "contenttypes.contenttype", "pk": 6, "fields": {"app_label": "sessions", "model": "session"}}, {"model": "contenttypes.contenttype", "pk": 7, "fields": {"app_label": "sites", "model": "site"}}, {"model": "contenttypes.contenttype", "pk": 8, "fields": {"app_label": "account", "model": "emailaddress"}}, {"model": "contenttypes.contenttype", "pk": 9, "fields": {"app_label": "account", "model": "emailconfirmation"}}, {"model": "contenttypes.contenttype", "pk": 10, "fields": {"app_label": "socialaccount", "model": "socialaccount"}}, {"model": "contenttypes.contenttype", "pk": 11, "fields": {"app_label": "socialaccount", "model": "socialapp"}}, {"model": "contenttypes.contenttype", "pk": 12, "fields": {"app_label": "socialaccount", "model": "socialtoken"}}, {"model": "contenttypes.contenttype", "pk": 13, "fields": {"app_label": "authtoken", "model": "token"}}, {"model": "contenttypes.contenttype", "pk": 14, "fields": {"app_label": "authtoken", "model": "tokenproxy"}}, {"model": "contenttypes.contenttype", "pk": 15, "fields": {"app_label": "moods", "model": "mood"}}, {"model": "contenttypes.contenttype", "pk": 16, "fields": {"app_label": "moods", "model": "submoods"}}, {"model": "contenttypes.contenttype", "pk": 17, "fields": {"app_label": "songs", "model": "songs"}}, {"model": "contenttypes.contenttype", "pk": 18, "fields": {"app_label": "playlists", "model": "playlist"}}, {"model": "contenttypes.contenttype", "pk": 19, "fields": {"app_label": "temp_tokens", "model": "usertemptoken"}}, {"model": "sessions.session", "pk": "cl8wzwqh6ll7os8ul1c9i2p3b9vxoqf6", "fields": {"session_data": ".eJxVjEEOwiAURO_C2jRAkYI7e5Fm-HxSYkMTCyvj3W1NF7qcNzPvJSa0Ok9t4-eUo7gJLS6_LIAeXI4Cy3LgDkRrK7X7bs566-574lIzoea1jOfrTzVjm3dPrwDFHGQcACbt4GMCXY0bvA4hpEjWWNl771gObKwnSop9jC7ZABbvD_U_PgI:1qgyXU:HaNjY_0YbWY_BWy9tQSsll2GB1ZQVcb4HuPKVGWOido", "expire_date": "2023-09-29T02:26:36.140Z"}}, {"model": "sessions.session", "pk": "drk780qf7pnbcgzu9mpibzdr2j2id94j", "fields": {"session_data": ".eJxVjEEOwiAURO_C2jRAkYI7e5Fm-HxSYkMTCyvj3W1NF7qcNzPvJSa0Ok9t4-eUo7gJLS6_LIAeXI4Cy3LgDkRrK7X7bs566-574lIzoea1jOfrTzVjm3dPrwDFHGQcACbt4GMCXY0bvA4hpEjWWNl771gObKwnSop9jC7ZABbvD_U_PgI:1qgxX2:wnScMs0XzNtyzOgXZrZ9qD8CzDO6GoDpTykUECFfZ_0", "expire_date": "2023-09-29T01:22:04.274Z"}}, {"model": "sessions.session", "pk": "hldvpckh951fhnph23gb04cuw59e4lie", "fields": {"session_data": ".eJxVjDkOwjAUBe_iGlm2E7xQ0ucM1t-MAyiR4qRC3B0ipYD2zcx7qQzbWvPWZMkjq4ty6vS7IdBDph3wHabbrGme1mVEvSv6oE0PM8vzerh_BxVa_dadBbAiaDgACLkIiQvQuY8hOUQsTL73pkspignS-0RUrCTmWDyCqPcHHUg5jg:1qgxQL:WOJkxgKbR9U1xWRXFhFQVvUK5ZACAji38TIrzeMUkYo", "expire_date": "2023-09-29T01:15:09.015Z"}}, {"model": "sessions.session", "pk": "i5zoiyr0inf560fb1edqn8idffviadtt", "fields": {"session_data": ".eJxVjEEOgzAMBP-Sc4WwsQvurXwE2UkQqChIJTlV_Xuh4tAed3Z3Xm7QkqehbPE5zMHdHLrLLzP1j5iOQpflwJV6v5aUq-_mrLfqvqeY8uw1z2vqz9efatJt2j2itaJZFxuGUVCw6xjZgOBKwmbCnlCBgxLWcWwAoFFqA43Mwty69weZmTsg:1qgjmE:aBTH7VhZCMvt9uBFUpHU8-sezA91X9VgDzN_jtTR39Q", "expire_date": "2023-09-28T10:40:50.844Z"}}, {"model": "sites.site", "pk": 1, "fields": {"domain": "localhost:8000", "name": "moodtunes"}}, {"model": "socialaccount.socialapp", "pk": 1, "fields": {"provider": "spotify", "provider_id": "", "name": "moodtunes", "client_id": "9586b49be80f489bb5c32e5614822cd1", "secret": "b29cf1e359c940f3aebd47792d251d55", "key": "", "settings": {}, "sites": [1]}}, {"model": "socialaccount.socialaccount", "pk": 1, "fields": {"user": 2, "provider": "spotify", "uid": "deepbluecee", "last_login": "2023-09-15T02:26:36.112Z", "date_joined": "2023-09-12T08:58:06.982Z", "extra_data": "{\"display_name\": \"di_weeb\", \"external_urls\": {\"spotify\": \"https://open.spotify.com/user/deepbluecee\"}, \"href\": \"https://api.spotify.com/v1/users/deepbluecee\", \"id\": \"deepbluecee\", \"images\": [{\"url\": \"https://i.scdn.co/image/ab67757000003b825c7295f6104cc795b6dfba09\", \"height\": 64, \"width\": 64}, {\"url\": \"https://i.scdn.co/image/ab6775700000ee855c7295f6104cc795b6dfba09\", \"height\": 300, \"width\": 300}], \"type\": \"user\", \"uri\": \"spotify:user:deepbluecee\", \"followers\": {\"href\": null, \"total\": 4}, \"country\": \"SG\", \"product\": \"premium\", \"explicit_content\": {\"filter_enabled\": false, \"filter_locked\": false}}"}}, {"model": "socialaccount.socialtoken", "pk": 1, "fields": {"app": 1, "account": 1, "token": "BQAdPsPaN6TCRvGsJuMnjAwlTlSH4uGVYcK2VlmNpkOp5O7eYdB5UCNXSVmQ4xtr8ZhlCHdPa_-2-0QnnlsWnVC59ONoEf8QcGpXqx-zy2MbIBRd8MaefqTOCzlTKydNBC2i3KatYoLzUZvA5fxYi49a1H9guKmRHk-Qhjs4eCyDpDhc5UrRcpIEm-pXNRFYTyjECpeLagV4lfeUinUkWT1nzT3_B9MAq1DBJxNapA", "token_secret": "AQCM6oXkdUAJZu6eGSl8g26ED5aDd7hcMZCRwlgqrZ9dojx310WYocKT1oK08h3MC4CUaup2QYNsIL-s7rL_1oHxVCrYaZpgvQOl7yJ3MiLMWxH91oQ7cP8jjftyb-e5wlY", "expires_at": "2023-09-15T03:26:35.977Z"}}, {"model": "moods.mood", "pk": "Angry", "fields": {}}, {"model": "moods.mood", "pk": "Energetic", "fields": {}}, {"model": "moods.mood", "pk": "Happy", "fields": {}}, {"model": "moods.mood", "pk": "Intense", "fields": {}}, {"model": "moods.mood", "pk": "Relaxed", "fields": {}}, {"model": "moods.mood", "pk": "Sad", "fields": {}}, {"model": "moods.mood", "pk": "Whatever", "fields": {}}, {"model": "songs.songs", "pk": 1, "fields": {"spotify_id": "7rXcCpIAoOUCydkVDMcoPV", "mood": "Intense", "submoods": null, "name": "INVU", "artist": "TAEYEON", "uri": "spotify:track:7rXcCpIAoOUCydkVDMcoPV", "album_art": "https://i.scdn.co/image/ab67616d0000b273034c3a8ba89c6a5ecfda3175"}}, {"model": "songs.songs", "pk": 2, "fields": {"spotify_id": "5ZkITfPpcNPnyYGTibkO6m", "mood": "Intense", "submoods": null, "name": "I", "artist": "TAEYEON", "uri": "spotify:track:5ZkITfPpcNPnyYGTibkO6m", "album_art": "https://i.scdn.co/image/ab67616d0000b273f531f18feaf3c28366ad52d4"}}, {"model": "songs.songs", "pk": 3, "fields": {"spotify_id": "67QGnT1Vdfuuy4HkLTUVjj", "mood": "Relaxed", "submoods": null, "name": "11:11", "artist": "TAEYEON", "uri": "spotify:track:67QGnT1Vdfuuy4HkLTUVjj", "album_art": "https://i.scdn.co/image/ab67616d0000b2738da57096b4f09bd7cc6e1954"}}, {"model": "songs.songs", "pk": 4, "fields": {"spotify_id": "6CdUgvL597jWmW4w8P5kHs", "mood": "Whatever", "submoods": null, "name": "Fine", "artist": "TAEYEON", "uri": "spotify:track:6CdUgvL597jWmW4w8P5kHs", "album_art": "https://i.scdn.co/image/ab67616d0000b2738c7e7f435fdcc70772c5555e"}}, {"model": "songs.songs", "pk": 5, "fields": {"spotify_id": "6cqH1q7g5GeRVQVMK1Vc7f", "mood": "Happy", "submoods": null, "name": "Weekend", "artist": "TAEYEON", "uri": "spotify:track:6cqH1q7g5GeRVQVMK1Vc7f", "album_art": "https://i.scdn.co/image/ab67616d0000b273f4eaffe012c3fc3b73a61bb2"}}, {"model": "songs.songs", "pk": 6, "fields": {"spotify_id": "4eiPbjcTEJDQcsv7WV0vfD", "mood": "Energetic", "submoods": null, "name": "Why", "artist": "TAEYEON", "uri": "spotify:track:4eiPbjcTEJDQcsv7WV0vfD", "album_art": "https://i.scdn.co/image/ab67616d0000b273e4915763c3c7f7a05cc93885"}}, {"model": "songs.songs", "pk": 10, "fields": {"spotify_id": "76do9IBWqoiwV3EyoP25Le", "mood": "Sad", "submoods": null, "name": "If", "artist": "TAEYEON", "uri": "spotify:track:76do9IBWqoiwV3EyoP25Le", "album_art": "https://i.scdn.co/image/ab67616d0000b273df0687edfc532a78ab858512"}}, {"model": "songs.songs", "pk": 11, "fields": {"spotify_id": "3Wu4lFjkhcXxB6WWaX9gtr", "mood": "Sad", "submoods": null, "name": "What Do I Call You", "artist": "TAEYEON", "uri": "spotify:track:3Wu4lFjkhcXxB6WWaX9gtr", "album_art": "https://i.scdn.co/image/ab67616d0000b27354d483dff87402bfe717f738"}}, {"model": "songs.songs", "pk": 12, "fields": {"spotify_id": "49euWwcjQTzVCynY53tvH5", "mood": "Intense", "submoods": null, "name": "Spark", "artist": "TAEYEON", "uri": "spotify:track:49euWwcjQTzVCynY53tvH5", "album_art": "https://i.scdn.co/image/ab67616d0000b273b87c0d76ed9c7b1654b390d0"}}, {"model": "songs.songs", "pk": 15, "fields": {"spotify_id": "1ukyvyEeSg1odSQvhlRAIU", "mood": "Relaxed", "submoods": null, "name": "Rain", "artist": "TAEYEON", "uri": "spotify:track:1ukyvyEeSg1odSQvhlRAIU", "album_art": "https://i.scdn.co/image/ab67616d0000b27316e21608ece123c20bd24306"}}, {"model": "songs.songs", "pk": 16, "fields": {"spotify_id": "0a0FISfY8ty1xC69xCWf2T", "mood": "Energetic", "submoods": null, "name": "Stress", "artist": "TAEYEON", "uri": "spotify:track:0a0FISfY8ty1xC69xCWf2T", "album_art": "https://i.scdn.co/image/ab67616d0000b273f531f18feaf3c28366ad52d4"}}, {"model": "songs.songs", "pk": 18, "fields": {"spotify_id": "4ytyLpIwUXbdFsNOvgNnmP", "mood": "Intense", "submoods": null, "name": "Four Seasons", "artist": "TAEYEON", "uri": "spotify:track:4ytyLpIwUXbdFsNOvgNnmP", "album_art": "https://i.scdn.co/image/ab67616d0000b2737de8f56a39ec67a091457d04"}}, {"model": "songs.songs", "pk": 21, "fields": {"spotify_id": "2Y4iTaIAamhYPyZcOdfL3g", "mood": "Relaxed", "submoods": null, "name": "11:11", "artist": "TAEYEON", "uri": "spotify:track:2Y4iTaIAamhYPyZcOdfL3g", "album_art": "https://i.scdn.co/image/ab67616d0000b273342d8ee7298f2e9a38d24368"}}, {"model": "songs.songs", "pk": 22, "fields": {"spotify_id": "1fzLM4SRonzoHm723a2mP5", "mood": "Intense", "submoods": null, "name": "Gravity", "artist": "TAEYEON", "uri": "spotify:track:1fzLM4SRonzoHm723a2mP5", "album_art": "https://i.scdn.co/image/ab67616d0000b273b87c0d76ed9c7b1654b390d0"}}, {"model": "songs.songs", "pk": 24, "fields": {"spotify_id": "3R8iyJpmhI9ABDmTpetV2D", "mood": "Relaxed", "submoods": null, "name": "Blue", "artist": "TAEYEON", "uri": "spotify:track:3R8iyJpmhI9ABDmTpetV2D", "album_art": "https://i.scdn.co/image/ab67616d0000b2737de8f56a39ec67a091457d04"}}, {"model": "songs.songs", "pk": 25, "fields": {"spotify_id": "5MYL9WejirHj0kc8crJPJ0", "mood": "Energetic", "submoods": null, "name": "Starlight", "artist": "TAEYEON", "uri": "spotify:track:5MYL9WejirHj0kc8crJPJ0", "album_art": "https://i.scdn.co/image/ab67616d0000b273e4915763c3c7f7a05cc93885"}}, {"model": "songs.songs", "pk": 27, "fields": {"spotify_id": "2TZTpkpnDIKUOfU6riqCfE", "mood": "Intense", "submoods": null, "name": "Can't Control Myself", "artist": "TAEYEON", "uri": "spotify:track:2TZTpkpnDIKUOfU6riqCfE", "album_art": "https://i.scdn.co/image/ab67616d0000b273034c3a8ba89c6a5ecfda3175"}}, {"model": "songs.songs", "pk": 28, "fields": {"spotify_id": "2DlBwbXR5mA8qhTuTMh6eZ", "mood": "Sad", "submoods": null, "name": "U R", "artist": "TAEYEON", "uri": "spotify:track:2DlBwbXR5mA8qhTuTMh6eZ", "album_art": "https://i.scdn.co/image/ab67616d0000b273f531f18feaf3c28366ad52d4"}}, {"model": "songs.songs", "pk": 30, "fields": {"spotify_id": "1esVK0wgkpFJ31eHvHZ7M9", "mood": "Whatever", "submoods": null, "name": "VOICE", "artist": "TAEYEON", "uri": "spotify:track:1esVK0wgkpFJ31eHvHZ7M9", "album_art": "https://i.scdn.co/image/ab67616d0000b2735e6dc853491b50bed7e07694"}}, {"model": "songs.songs", "pk": 31, "fields": {"spotify_id": "1BxfuPKGuaTgP7aM0Bbdwr", "mood": "Whatever", "submoods": null, "name": "Cruel Summer", "artist": "Taylor Swift", "uri": "spotify:track:1BxfuPKGuaTgP7aM0Bbdwr", "album_art": "https://i.scdn.co/image/ab67616d0000b273e787cffec20aa2a396a61647"}}, {"model": "songs.songs", "pk": 32, "fields": {"spotify_id": "3GCL1PydwsLodcpv0Ll1ch", "mood": "Whatever", "submoods": null, "name": "You Belong With Me", "artist": "Taylor Swift", "uri": "spotify:track:3GCL1PydwsLodcpv0Ll1ch", "album_art": "https://i.scdn.co/image/ab67616d0000b2737b25c072237f29ee50025fdc"}}, {"model": "songs.songs", "pk": 33, "fields": {"spotify_id": "1p80LdxRV74UKvL8gnD7ky", "mood": "Whatever", "submoods": null, "name": "Blank Space", "artist": "Taylor Swift", "uri": "spotify:track:1p80LdxRV74UKvL8gnD7ky", "album_art": "https://i.scdn.co/image/ab67616d0000b2739abdf14e6058bd3903686148"}}, {"model": "songs.songs", "pk": 34, "fields": {"spotify_id": "0V3wPSX9ygBnCm8psDIegu", "mood": "Whatever", "submoods": null, "name": "Anti-Hero", "artist": "Taylor Swift", "uri": "spotify:track:0V3wPSX9ygBnCm8psDIegu", "album_art": "https://i.scdn.co/image/ab67616d0000b273bb54dde68cd23e2a268ae0f5"}}, {"model": "songs.songs", "pk": 35, "fields": {"spotify_id": "1vrd6UOGamcKNGnSHJQlSt", "mood": "Intense", "submoods": null, "name": "Love Story", "artist": "Taylor Swift", "uri": "spotify:track:1vrd6UOGamcKNGnSHJQlSt", "album_art": "https://i.scdn.co/image/ab67616d0000b2737b25c072237f29ee50025fdc"}}, {"model": "songs.songs", "pk": 36, "fields": {"spotify_id": "2sC2P3BN0IXujNaaSyDmtP", "mood": "Whatever", "submoods": null, "name": "Blank Space", "artist": "Taylor Swift", "uri": "spotify:track:2sC2P3BN0IXujNaaSyDmtP", "album_art": "https://i.scdn.co/image/ab67616d0000b273332d85510aba3eb28312cfb2"}}, {"model": "songs.songs", "pk": 37, "fields": {"spotify_id": "5kHMfzgLZP95O9NBy0ku4v", "mood": "Happy", "submoods": null, "name": "I Can See You (Taylor’s Version) (From The Vault)", "artist": "Taylor Swift", "uri": "spotify:track:5kHMfzgLZP95O9NBy0ku4v", "album_art": "https://i.scdn.co/image/ab67616d0000b2730b04da4f224b51ff86e0a481"}}, {"model": "songs.songs", "pk": 38, "fields": {"spotify_id": "5xTtaWoae3wi06K5WfVUUH", "mood": "Happy", "submoods": null, "name": "Shake It Off", "artist": "Taylor Swift", "uri": "spotify:track:5xTtaWoae3wi06K5WfVUUH", "album_art": "https://i.scdn.co/image/ab67616d0000b2739abdf14e6058bd3903686148"}}, {"model": "songs.songs", "pk": 40, "fields": {"spotify_id": "3hUxzQpSfdDqwM3ZTFQY0K", "mood": "Whatever", "submoods": null, "name": "august", "artist": "Taylor Swift", "uri": "spotify:track:3hUxzQpSfdDqwM3ZTFQY0K", "album_art": "https://i.scdn.co/image/ab67616d0000b27395f754318336a07e85ec59bc"}}, {"model": "songs.songs", "pk": 41, "fields": {"spotify_id": "15DeqWWQB4dcEWzJg15VrN", "mood": "Whatever", "submoods": null, "name": "Our Song", "artist": "Taylor Swift", "uri": "spotify:track:15DeqWWQB4dcEWzJg15VrN", "album_art": "https://i.scdn.co/image/ab67616d0000b2732f8c0fd72a80a93f8c53b96c"}}, {"model": "songs.songs", "pk": 42, "fields": {"spotify_id": "551TAZe8RjPgXKRMdu1ll4", "mood": "Intense", "submoods": null, "name": "Taylor Swift", "artist": "Cal Scruby", "uri": "spotify:track:551TAZe8RjPgXKRMdu1ll4", "album_art": "https://i.scdn.co/image/ab67616d0000b273bc2ac1c178dac6fd71a77b2a"}}, {"model": "songs.songs", "pk": 43, "fields": {"spotify_id": "1R0a2iXumgCiFb7HEZ7gUE", "mood": "Whatever", "submoods": null, "name": "Don’t Blame Me", "artist": "Taylor Swift", "uri": "spotify:track:1R0a2iXumgCiFb7HEZ7gUE", "album_art": "https://i.scdn.co/image/ab67616d0000b273da5d5aeeabacacc1263c0f4b"}}, {"model": "songs.songs", "pk": 44, "fields": {"spotify_id": "1zLldxuxV4B5I5lIiBnQPF", "mood": "Sad", "submoods": null, "name": "Taylor Swift", "artist": "Miranda Writes", "uri": "spotify:track:1zLldxuxV4B5I5lIiBnQPF", "album_art": "https://i.scdn.co/image/ab67616d0000b27335749b0114f85dc7353d4d87"}}, {"model": "songs.songs", "pk": 45, "fields": {"spotify_id": "7KokYm8cMIXCsGVmUvKtqf", "mood": "Whatever", "submoods": null, "name": "Karma", "artist": "Taylor Swift", "uri": "spotify:track:7KokYm8cMIXCsGVmUvKtqf", "album_art": "https://i.scdn.co/image/ab67616d0000b273bb54dde68cd23e2a268ae0f5"}}, {"model": "songs.songs", "pk": 46, "fields": {"spotify_id": "5yCRSEPJXzjzl3Gov0YduA", "mood": "Sad", "submoods": null, "name": "This Love", "artist": "Taylor Swift", "uri": "spotify:track:5yCRSEPJXzjzl3Gov0YduA", "album_art": "https://i.scdn.co/image/ab67616d0000b2730432bfd9e6adb616fd8bcc97"}}, {"model": "songs.songs", "pk": 47, "fields": {"spotify_id": "4R2kfaDFhslZEMJqAFNpdd", "mood": "Whatever", "submoods": null, "name": "cardigan", "artist": "Taylor Swift", "uri": "spotify:track:4R2kfaDFhslZEMJqAFNpdd", "album_art": "https://i.scdn.co/image/ab67616d0000b27395f754318336a07e85ec59bc"}}, {"model": "songs.songs", "pk": 48, "fields": {"spotify_id": "3LB2qckfpZq7aybaoZKRa2", "mood": "Whatever", "submoods": null, "name": "Blank Space", "artist": "Taylor Swift", "uri": "spotify:track:3LB2qckfpZq7aybaoZKRa2", "album_art": "https://i.scdn.co/image/ab67616d0000b273e6077358a43715dfa2d83195"}}, {"model": "songs.songs", "pk": 49, "fields": {"spotify_id": "1dGr1c8CrMLDpV6mPbImSI", "mood": "Whatever", "submoods": null, "name": "Lover", "artist": "Taylor Swift", "uri": "spotify:track:1dGr1c8CrMLDpV6mPbImSI", "album_art": "https://i.scdn.co/image/ab67616d0000b273e787cffec20aa2a396a61647"}}, {"model": "songs.songs", "pk": 50, "fields": {"spotify_id": "59HjlYCeBsxdI0fcm3zglw", "mood": "Whatever", "submoods": null, "name": "Wildest Dreams", "artist": "Taylor Swift", "uri": "spotify:track:59HjlYCeBsxdI0fcm3zglw", "album_art": "https://i.scdn.co/image/ab67616d0000b2739abdf14e6058bd3903686148"}}, {"model": "songs.songs", "pk": 51, "fields": {"spotify_id": "0jjIPthFhpbBNr4my8cePO", "mood": "Whatever", "submoods": null, "name": "Blank Space", "artist": "Taylor Swift", "uri": "spotify:track:0jjIPthFhpbBNr4my8cePO", "album_art": "https://i.scdn.co/image/ab67616d0000b27319623e97f7212a21f428bc07"}}, {"model": "songs.songs", "pk": 52, "fields": {"spotify_id": "3sW3oSbzsfecv9XoUdGs7h", "mood": "Whatever", "submoods": null, "name": "Enchanted (Taylor's Version)", "artist": "Taylor Swift", "uri": "spotify:track:3sW3oSbzsfecv9XoUdGs7h", "album_art": "https://i.scdn.co/image/ab67616d0000b2730b04da4f224b51ff86e0a481"}}, {"model": "songs.songs", "pk": 54, "fields": {"spotify_id": "0VE4kBnHJUgtMf0dy6DRmW", "mood": "Intense", "submoods": null, "name": "Getaway Car", "artist": "Taylor Swift", "uri": "spotify:track:0VE4kBnHJUgtMf0dy6DRmW", "album_art": "https://i.scdn.co/image/ab67616d0000b273da5d5aeeabacacc1263c0f4b"}}, {"model": "songs.songs", "pk": 57, "fields": {"spotify_id": "6NFyWDv5CjfwuzoCkw47Xf", "mood": "Sad", "submoods": null, "name": "Delicate", "artist": "Taylor Swift", "uri": "spotify:track:6NFyWDv5CjfwuzoCkw47Xf", "album_art": "https://i.scdn.co/image/ab67616d0000b273da5d5aeeabacacc1263c0f4b"}}, {"model": "songs.songs", "pk": 61, "fields": {"spotify_id": "4gbVRS8gloEluzf0GzDOFc", "mood": "Happy", "submoods": null, "name": "Maps", "artist": "Maroon 5", "uri": "spotify:track:4gbVRS8gloEluzf0GzDOFc", "album_art": "https://i.scdn.co/image/ab67616d0000b273442b53773d50e1b5369bb16c"}}, {"model": "songs.songs", "pk": 62, "fields": {"spotify_id": "7sapKrjDij2fpDVj0GxP66", "mood": "Whatever", "submoods": null, "name": "She Will Be Loved", "artist": "Maroon 5", "uri": "spotify:track:7sapKrjDij2fpDVj0GxP66", "album_art": "https://i.scdn.co/image/ab67616d0000b27317b3850d758fff5a2301e537"}}, {"model": "songs.songs", "pk": 63, "fields": {"spotify_id": "4cktbXiXOapiLBMprHFErI", "mood": "Whatever", "submoods": null, "name": "Memories", "artist": "Maroon 5", "uri": "spotify:track:4cktbXiXOapiLBMprHFErI", "album_art": "https://i.scdn.co/image/ab67616d0000b27386a8ab515de4b7aef28cd631"}}, {"model": "songs.songs", "pk": 64, "fields": {"spotify_id": "7LcfRTgAVTs5pQGEQgUEzN", "mood": "Whatever", "submoods": null, "name": "Moves Like Jagger - Studio Recording From \"The Voice\" Performance", "artist": "Maroon 5", "uri": "spotify:track:7LcfRTgAVTs5pQGEQgUEzN", "album_art": "https://i.scdn.co/image/ab67616d0000b273ce70cb2d7063cf869f9f1239"}}, {"model": "songs.songs", "pk": 65, "fields": {"spotify_id": "6ECp64rv50XVz93WvxXMGF", "mood": "Happy", "submoods": null, "name": "This Love", "artist": "Maroon 5", "uri": "spotify:track:6ECp64rv50XVz93WvxXMGF", "album_art": "https://i.scdn.co/image/ab67616d0000b27392f2d790c6a97b195f66d51e"}}, {"model": "songs.songs", "pk": 66, "fields": {"spotify_id": "2iuZJX9X9P0GKaE93xcPjk", "mood": "Happy", "submoods": null, "name": "Sugar", "artist": "Maroon 5", "uri": "spotify:track:2iuZJX9X9P0GKaE93xcPjk", "album_art": "https://i.scdn.co/image/ab67616d0000b273442b53773d50e1b5369bb16c"}}, {"model": "songs.songs", "pk": 67, "fields": {"spotify_id": "4XNrMwGx1SqP01sqkGTDmo", "mood": "Whatever", "submoods": null, "name": "One More Night", "artist": "Maroon 5", "uri": "spotify:track:4XNrMwGx1SqP01sqkGTDmo", "album_art": "https://i.scdn.co/image/ab67616d0000b273ce7d499847da02a9cbd1c084"}}, {"model": "songs.songs", "pk": 68, "fields": {"spotify_id": "2bL2gyO6kBdLkNSkxXNh6x", "mood": "Angry", "submoods": null, "name": "Animals", "artist": "Maroon 5", "uri": "spotify:track:2bL2gyO6kBdLkNSkxXNh6x", "album_art": "https://i.scdn.co/image/ab67616d0000b273442b53773d50e1b5369bb16c"}}, {"model": "songs.songs", "pk": 69, "fields": {"spotify_id": "6KBYk8OFtod7brGuZ3Y67q", "mood": "Happy", "submoods": null, "name": "Misery", "artist": "Maroon 5", "uri": "spotify:track:6KBYk8OFtod7brGuZ3Y67q", "album_art": "https://i.scdn.co/image/ab67616d0000b27386498c6e8ee965fa665a9c3d"}}, {"model": "songs.songs", "pk": 70, "fields": {"spotify_id": "6V1bu6o1Yo5ZXnsCJU8Ovk", "mood": "Whatever", "submoods": null, "name": "Girls Like You (feat. Cardi B) - Cardi B Version", "artist": "Maroon 5", "uri": "spotify:track:6V1bu6o1Yo5ZXnsCJU8Ovk", "album_art": "https://i.scdn.co/image/ab67616d0000b273fc4852898bc6ed85b3e3f89c"}}, {"model": "songs.songs", "pk": 71, "fields": {"spotify_id": "52NGJPcLUzQq5w7uv4e5gf", "mood": "Whatever", "submoods": null, "name": "Private Landing (feat. Justin Bieber & Future)", "artist": "Don Toliver", "uri": "spotify:track:52NGJPcLUzQq5w7uv4e5gf", "album_art": "https://i.scdn.co/image/ab67616d0000b273feeff698e6090e6b02f21ec0"}}, {"model": "songs.songs", "pk": 72, "fields": {"spotify_id": "6epn3r7S14KUqlReYr77hA", "mood": "Whatever", "submoods": null, "name": "Baby", "artist": "Justin Bieber", "uri": "spotify:track:6epn3r7S14KUqlReYr77hA", "album_art": "https://i.scdn.co/image/ab67616d0000b273629dc9e2e3bc20bbd7d92e4a"}}, {"model": "songs.songs", "pk": 73, "fields": {"spotify_id": "3UGIZ8qcrMTwzLbx6Kttqt", "mood": "Whatever", "submoods": null, "name": "Boyfriend", "artist": "Justin Bieber", "uri": "spotify:track:3UGIZ8qcrMTwzLbx6Kttqt", "album_art": "https://i.scdn.co/image/ab67616d0000b273f1d02a6cec967f8b6b78f76e"}}, {"model": "songs.songs", "pk": 74, "fields": {"spotify_id": "6I3mqTwhRpn34SLVafSH7G", "mood": "Whatever", "submoods": null, "name": "Ghost", "artist": "Justin Bieber", "uri": "spotify:track:6I3mqTwhRpn34SLVafSH7G", "album_art": "https://i.scdn.co/image/ab67616d0000b273e6f407c7f3a0ec98845e4431"}}, {"model": "songs.songs", "pk": 75, "fields": {"spotify_id": "190jyVPHYjAqEaOGmMzdyk", "mood": "Whatever", "submoods": null, "name": "Beauty And A Beat", "artist": "Justin Bieber", "uri": "spotify:track:190jyVPHYjAqEaOGmMzdyk", "album_art": "https://i.scdn.co/image/ab67616d0000b2736c20c4638a558132ba95bc39"}}, {"model": "songs.songs", "pk": 76, "fields": {"spotify_id": "09CtPGIpYB4BrO8qb1RGsF", "mood": "Whatever", "submoods": null, "name": "Sorry", "artist": "Justin Bieber", "uri": "spotify:track:09CtPGIpYB4BrO8qb1RGsF", "album_art": "https://i.scdn.co/image/ab67616d0000b273f46b9d202509a8f7384b90de"}}, {"model": "songs.songs", "pk": 77, "fields": {"spotify_id": "5HCyWlXZPP0y6Gqq8TgA20", "mood": "Whatever", "submoods": null, "name": "STAY (with Justin Bieber)", "artist": "The Kid LAROI", "uri": "spotify:track:5HCyWlXZPP0y6Gqq8TgA20", "album_art": "https://i.scdn.co/image/ab67616d0000b27341e31d6ea1d493dd77933ee5"}}, {"model": "songs.songs", "pk": 78, "fields": {"spotify_id": "2L7rZWg9RLxIwnysmxm4xk", "mood": "Whatever", "submoods": null, "name": "Boyfriend", "artist": "Justin Bieber", "uri": "spotify:track:2L7rZWg9RLxIwnysmxm4xk", "album_art": "https://i.scdn.co/image/ab67616d0000b2736c20c4638a558132ba95bc39"}}, {"model": "songs.songs", "pk": 79, "fields": {"spotify_id": "4iJyoBOLtHqaGxP12qzhQI", "mood": "Whatever", "submoods": null, "name": "Peaches (feat. Daniel Caesar & Giveon)", "artist": "Justin Bieber", "uri": "spotify:track:4iJyoBOLtHqaGxP12qzhQI", "album_art": "https://i.scdn.co/image/ab67616d0000b273e6f407c7f3a0ec98845e4431"}}, {"model": "songs.songs", "pk": 80, "fields": {"spotify_id": "364dI1bYnvamSnBJ8JcNzN", "mood": "Happy", "submoods": null, "name": "Intentions", "artist": "Justin Bieber", "uri": "spotify:track:364dI1bYnvamSnBJ8JcNzN", "album_art": "https://i.scdn.co/image/ab67616d0000b27308e30ab6a058429303d75876"}}, {"model": "songs.songs", "pk": 81, "fields": {"spotify_id": "7j31rVgGX9Q2blT92VBEA0", "mood": "Happy", "submoods": null, "name": "Teenagers", "artist": "My Chemical Romance", "uri": "spotify:track:7j31rVgGX9Q2blT92VBEA0", "album_art": "https://i.scdn.co/image/ab67616d0000b27317f77fab7e8f18d5f9fee4a1"}}, {"model": "songs.songs", "pk": 82, "fields": {"spotify_id": "5wQnmLuC1W7ATsArWACrgW", "mood": "Angry", "submoods": null, "name": "Welcome to the Black Parade", "artist": "My Chemical Romance", "uri": "spotify:track:5wQnmLuC1W7ATsArWACrgW", "album_art": "https://i.scdn.co/image/ab67616d0000b27317f77fab7e8f18d5f9fee4a1"}}, {"model": "songs.songs", "pk": 83, "fields": {"spotify_id": "5dTHtzHFPyi8TlTtzoz1J9", "mood": "Angry", "submoods": null, "name": "Helena", "artist": "My Chemical Romance", "uri": "spotify:track:5dTHtzHFPyi8TlTtzoz1J9", "album_art": "https://i.scdn.co/image/ab67616d0000b273cab7ae4868e9f9ce6bdfdf43"}}, {"model": "songs.songs", "pk": 84, "fields": {"spotify_id": "7lRlq939cDG4SzWOF4VAnd", "mood": "Angry", "submoods": null, "name": "I'm Not Okay (I Promise)", "artist": "My Chemical Romance", "uri": "spotify:track:7lRlq939cDG4SzWOF4VAnd", "album_art": "https://i.scdn.co/image/ab67616d0000b273cab7ae4868e9f9ce6bdfdf43"}}, {"model": "songs.songs", "pk": 85, "fields": {"spotify_id": "2d6m2F4I7wCuAKtSsdhh83", "mood": "Intense", "submoods": null, "name": "Famous Last Words", "artist": "My Chemical Romance", "uri": "spotify:track:2d6m2F4I7wCuAKtSsdhh83", "album_art": "https://i.scdn.co/image/ab67616d0000b27317f77fab7e8f18d5f9fee4a1"}}, {"model": "songs.songs", "pk": 86, "fields": {"spotify_id": "1yKAqZoi8xWGLCf5vajroL", "mood": "Angry", "submoods": null, "name": "The Ghost of You", "artist": "My Chemical Romance", "uri": "spotify:track:1yKAqZoi8xWGLCf5vajroL", "album_art": "https://i.scdn.co/image/ab67616d0000b273cab7ae4868e9f9ce6bdfdf43"}}, {"model": "songs.songs", "pk": 87, "fields": {"spotify_id": "2kMjk14RmYyYhhSbipoa9U", "mood": "Whatever", "submoods": null, "name": "The Sharpest Lives", "artist": "My Chemical Romance", "uri": "spotify:track:2kMjk14RmYyYhhSbipoa9U", "album_art": "https://i.scdn.co/image/ab67616d0000b27317f77fab7e8f18d5f9fee4a1"}}, {"model": "songs.songs", "pk": 88, "fields": {"spotify_id": "0uukw2CgEIApv4IWAjXrBC", "mood": "Intense", "submoods": null, "name": "Dead!", "artist": "My Chemical Romance", "uri": "spotify:track:0uukw2CgEIApv4IWAjXrBC", "album_art": "https://i.scdn.co/image/ab67616d0000b27317f77fab7e8f18d5f9fee4a1"}}, {"model": "songs.songs", "pk": 89, "fields": {"spotify_id": "5BB0Jzw60KyfSTyjJqtely", "mood": "Whatever", "submoods": null, "name": "Na Na Na (Na Na Na Na Na Na Na Na Na)", "artist": "My Chemical Romance", "uri": "spotify:track:5BB0Jzw60KyfSTyjJqtely", "album_art": "https://i.scdn.co/image/ab67616d0000b2736fbf4bb780a9cbc34b3f35da"}}, {"model": "songs.songs", "pk": 90, "fields": {"spotify_id": "4RAOI1etsgbh5NP3T5R8rN", "mood": "Angry", "submoods": null, "name": "I Don't Love You", "artist": "My Chemical Romance", "uri": "spotify:track:4RAOI1etsgbh5NP3T5R8rN", "album_art": "https://i.scdn.co/image/ab67616d0000b27317f77fab7e8f18d5f9fee4a1"}}, {"model": "songs.songs", "pk": 91, "fields": {"spotify_id": "60a0Rd6pjrkxjPbaKzXjfq", "mood": "Intense", "submoods": null, "name": "In the End", "artist": "Linkin Park", "uri": "spotify:track:60a0Rd6pjrkxjPbaKzXjfq", "album_art": "https://i.scdn.co/image/ab67616d0000b273e2f039481babe23658fc719a"}}, {"model": "songs.songs", "pk": 92, "fields": {"spotify_id": "18lR4BzEs7e3qzc0KVkTpU", "mood": "Intense", "submoods": null, "name": "What I've Done", "artist": "Linkin Park", "uri": "spotify:track:18lR4BzEs7e3qzc0KVkTpU", "album_art": "https://i.scdn.co/image/ab67616d0000b27346e207de66ba06422897f769"}}, {"model": "songs.songs", "pk": 93, "fields": {"spotify_id": "2nLtzopw4rPReszdYBJU6h", "mood": "Angry", "submoods": null, "name": "Numb", "artist": "Linkin Park", "uri": "spotify:track:2nLtzopw4rPReszdYBJU6h", "album_art": "https://i.scdn.co/image/ab67616d0000b273b4ad7ebaf4575f120eb3f193"}}, {"model": "songs.songs", "pk": 94, "fields": {"spotify_id": "3agtg0x11wPvLIWkYR39nZ", "mood": "Whatever", "submoods": null, "name": "Somewhere I Belong", "artist": "Linkin Park", "uri": "spotify:track:3agtg0x11wPvLIWkYR39nZ", "album_art": "https://i.scdn.co/image/ab67616d0000b273b4ad7ebaf4575f120eb3f193"}}, {"model": "songs.songs", "pk": 95, "fields": {"spotify_id": "3K4HG9evC7dg3N0R9cYqk4", "mood": "Whatever", "submoods": null, "name": "One Step Closer", "artist": "Linkin Park", "uri": "spotify:track:3K4HG9evC7dg3N0R9cYqk4", "album_art": "https://i.scdn.co/image/ab67616d0000b273e2f039481babe23658fc719a"}}, {"model": "songs.songs", "pk": 96, "fields": {"spotify_id": "0UFDKFqW2oGspYeYqo9wjA", "mood": "Angry", "submoods": null, "name": "Bleed It Out", "artist": "Linkin Park", "uri": "spotify:track:0UFDKFqW2oGspYeYqo9wjA", "album_art": "https://i.scdn.co/image/ab67616d0000b27346e207de66ba06422897f769"}}, {"model": "songs.songs", "pk": 97, "fields": {"spotify_id": "57BrRMwf9LrcmuOsyGilwr", "mood": "Angry", "submoods": null, "name": "Crawling", "artist": "Linkin Park", "uri": "spotify:track:57BrRMwf9LrcmuOsyGilwr", "album_art": "https://i.scdn.co/image/ab67616d0000b273e2f039481babe23658fc719a"}}, {"model": "songs.songs", "pk": 98, "fields": {"spotify_id": "6n8TMVyFKoUmDc4apxceRD", "mood": "Whatever", "submoods": null, "name": "Breaking the Habit", "artist": "Linkin Park", "uri": "spotify:track:6n8TMVyFKoUmDc4apxceRD", "album_art": "https://i.scdn.co/image/ab67616d0000b273b4ad7ebaf4575f120eb3f193"}}, {"model": "songs.songs", "pk": 99, "fields": {"spotify_id": "7dyluIqv7QYVTXXZiMWPHW", "mood": "Happy", "submoods": null, "name": "Numb / Encore", "artist": "JAY-Z", "uri": "spotify:track:7dyluIqv7QYVTXXZiMWPHW", "album_art": "https://i.scdn.co/image/ab67616d0000b273d3acd0f2186daa8e4cb0f65b"}}, {"model": "songs.songs", "pk": 100, "fields": {"spotify_id": "1fLlRApgzxWweF1JTf8yM5", "mood": "Happy", "submoods": null, "name": "Given Up", "artist": "Linkin Park", "uri": "spotify:track:1fLlRApgzxWweF1JTf8yM5", "album_art": "https://i.scdn.co/image/ab67616d0000b27346e207de66ba06422897f769"}}, {"model": "songs.songs", "pk": 101, "fields": {"spotify_id": "6SpLc7EXZIPpy0sVko0aoU", "mood": "Happy", "submoods": null, "name": "Misery Business", "artist": "Paramore", "uri": "spotify:track:6SpLc7EXZIPpy0sVko0aoU", "album_art": "https://i.scdn.co/image/ab67616d0000b273bee754528c08d5ff6799a1eb"}}, {"model": "songs.songs", "pk": 103, "fields": {"spotify_id": "1ZLtE9tSJdaUiIJ9YoKHQe", "mood": "Angry", "submoods": null, "name": "Decode", "artist": "Paramore", "uri": "spotify:track:1ZLtE9tSJdaUiIJ9YoKHQe", "album_art": "https://i.scdn.co/image/ab67616d0000b273b236d0eae2659e7e7adb8b56"}}, {"model": "songs.songs", "pk": 104, "fields": {"spotify_id": "3VA4sjTMSTTF02hFGmlpJh", "mood": "Whatever", "submoods": null, "name": "crushcrushcrush", "artist": "Paramore", "uri": "spotify:track:3VA4sjTMSTTF02hFGmlpJh", "album_art": "https://i.scdn.co/image/ab67616d0000b273bee754528c08d5ff6799a1eb"}}, {"model": "songs.songs", "pk": 105, "fields": {"spotify_id": "1Bv3h7Vc4AaYA2BcSM3rVd", "mood": "Intense", "submoods": null, "name": "All I Wanted", "artist": "Paramore", "uri": "spotify:track:1Bv3h7Vc4AaYA2BcSM3rVd", "album_art": "https://i.scdn.co/image/ab67616d0000b273e01d7d558032457b0e4883f6"}}, {"model": "songs.songs", "pk": 106, "fields": {"spotify_id": "3yrvQHw6pQemsrCQEpMnKv", "mood": "Whatever", "submoods": null, "name": "Ain't It Fun", "artist": "Paramore", "uri": "spotify:track:3yrvQHw6pQemsrCQEpMnKv", "album_art": "https://i.scdn.co/image/ab67616d0000b273fa94e7d8d2480cc906ba4441"}}, {"model": "songs.songs", "pk": 107, "fields": {"spotify_id": "1JdKrFyoU05abww0Zv0ayQ", "mood": "Whatever", "submoods": null, "name": "That's What You Get", "artist": "Paramore", "uri": "spotify:track:1JdKrFyoU05abww0Zv0ayQ", "album_art": "https://i.scdn.co/image/ab67616d0000b273bee754528c08d5ff6799a1eb"}}, {"model": "songs.songs", "pk": 108, "fields": {"spotify_id": "1j8z4TTjJ1YOdoFEDwJTQa", "mood": "Whatever", "submoods": null, "name": "Ain't It Fun", "artist": "Paramore", "uri": "spotify:track:1j8z4TTjJ1YOdoFEDwJTQa", "album_art": "https://i.scdn.co/image/ab67616d0000b273532033d0d90736f661c13d35"}}, {"model": "songs.songs", "pk": 109, "fields": {"spotify_id": "3SXXFIZel1VQQ4ENiqozxi", "mood": "Energetic", "submoods": null, "name": "Still into You", "artist": "Paramore", "uri": "spotify:track:3SXXFIZel1VQQ4ENiqozxi", "album_art": "https://i.scdn.co/image/ab67616d0000b273fa94e7d8d2480cc906ba4441"}}, {"model": "songs.songs", "pk": 110, "fields": {"spotify_id": "0w5Bdu51Ka25Pf3hojsKHh", "mood": "Happy", "submoods": null, "name": "Hard Times", "artist": "Paramore", "uri": "spotify:track:0w5Bdu51Ka25Pf3hojsKHh", "album_art": "https://i.scdn.co/image/ab67616d0000b273dbd83e179619408e5d05cc99"}}, {"model": "songs.songs", "pk": 111, "fields": {"spotify_id": "6I9VzXrHxO9rA9A5euc8Ak", "mood": "Happy", "submoods": null, "name": "Toxic", "artist": "Britney Spears", "uri": "spotify:track:6I9VzXrHxO9rA9A5euc8Ak", "album_art": "https://i.scdn.co/image/ab67616d0000b273efc6988972cb04105f002cd4"}}, {"model": "songs.songs", "pk": 112, "fields": {"spotify_id": "3MjUtNVVq3C8Fn0MP3zhXa", "mood": "Happy", "submoods": null, "name": "...Baby One More Time", "artist": "Britney Spears", "uri": "spotify:track:3MjUtNVVq3C8Fn0MP3zhXa", "album_art": "https://i.scdn.co/image/ab67616d0000b2738e49866860c25afffe2f1a02"}}, {"model": "songs.songs", "pk": 113, "fields": {"spotify_id": "6ic8OlLUNEATToEFU3xmaH", "mood": "Energetic", "submoods": null, "name": "Gimme More", "artist": "Britney Spears", "uri": "spotify:track:6ic8OlLUNEATToEFU3xmaH", "album_art": "https://i.scdn.co/image/ab67616d0000b273ca10fae7d292c52f7e8b11ca"}}, {"model": "songs.songs", "pk": 114, "fields": {"spotify_id": "6naxalmIoLFWR0siv8dnQQ", "mood": "Happy", "submoods": null, "name": "Oops!...I Did It Again", "artist": "Britney Spears", "uri": "spotify:track:6naxalmIoLFWR0siv8dnQQ", "album_art": "https://i.scdn.co/image/ab67616d0000b2732aa20611c7fb964a74ab01a6"}}, {"model": "songs.songs", "pk": 115, "fields": {"spotify_id": "4fixebDZAVToLbUCuEloa2", "mood": "Intense", "submoods": null, "name": "Womanizer", "artist": "Britney Spears", "uri": "spotify:track:4fixebDZAVToLbUCuEloa2", "album_art": "https://i.scdn.co/image/ab67616d0000b27354c6edd554935d73e159e199"}}, {"model": "songs.songs", "pk": 116, "fields": {"spotify_id": "6ldwfK0yWgTAlmIfuQkTYN", "mood": "Happy", "submoods": null, "name": "I'm a Slave 4 U", "artist": "Britney Spears", "uri": "spotify:track:6ldwfK0yWgTAlmIfuQkTYN", "album_art": "https://i.scdn.co/image/ab67616d0000b273e1a4e01cb7a1ecff468bbead"}}, {"model": "songs.songs", "pk": 117, "fields": {"spotify_id": "7jk7gqyEonmVVYahZN5zhW", "mood": "Happy", "submoods": null, "name": "Circus", "artist": "Britney Spears", "uri": "spotify:track:7jk7gqyEonmVVYahZN5zhW", "album_art": "https://i.scdn.co/image/ab67616d0000b27354c6edd554935d73e159e199"}}, {"model": "songs.songs", "pk": 118, "fields": {"spotify_id": "2TTYIwTM2iLC1YOyHuhRMt", "mood": "Happy", "submoods": null, "name": "Lucky", "artist": "Britney Spears", "uri": "spotify:track:2TTYIwTM2iLC1YOyHuhRMt", "album_art": "https://i.scdn.co/image/ab67616d0000b2732aa20611c7fb964a74ab01a6"}}, {"model": "songs.songs", "pk": 119, "fields": {"spotify_id": "2iJuuzV8P9Yz0VSurttIV5", "mood": "Whatever", "submoods": null, "name": "Scream & Shout", "artist": "will.i.am", "uri": "spotify:track:2iJuuzV8P9Yz0VSurttIV5", "album_art": "https://i.scdn.co/image/ab67616d0000b273e6082141bd7c86ae9f11ea26"}}, {"model": "songs.songs", "pk": 120, "fields": {"spotify_id": "72yP0DUlWPyH8P7IoxskwN", "mood": "Whatever", "submoods": null, "name": "Hold Me Closer", "artist": "Elton John", "uri": "spotify:track:72yP0DUlWPyH8P7IoxskwN", "album_art": "https://i.scdn.co/image/ab67616d0000b2735d872e7b0c1ba964541f07e8"}}, {"model": "songs.songs", "pk": 121, "fields": {"spotify_id": "47BBI51FKFwOMlIiX6m8ya", "mood": "Whatever", "submoods": null, "name": "I Want It That Way", "artist": "Backstreet Boys", "uri": "spotify:track:47BBI51FKFwOMlIiX6m8ya", "album_art": "https://i.scdn.co/image/ab67616d0000b2732160c02bc56f192df0f4986b"}}, {"model": "songs.songs", "pk": 122, "fields": {"spotify_id": "00WvmRXTkPBZNhhRK3xfdy", "mood": "Happy", "submoods": null, "name": "As Long as You Love Me", "artist": "Backstreet Boys", "uri": "spotify:track:00WvmRXTkPBZNhhRK3xfdy", "album_art": "https://i.scdn.co/image/ab67616d0000b273dafd4b9261a1ab9acd53a53d"}}, {"model": "songs.songs", "pk": 123, "fields": {"spotify_id": "5WTxbyWTpoqhdxEN2szOnl", "mood": "Energetic", "submoods": null, "name": "Everybody (Backstreet's Back) - Extended Version", "artist": "Backstreet Boys", "uri": "spotify:track:5WTxbyWTpoqhdxEN2szOnl", "album_art": "https://i.scdn.co/image/ab67616d0000b273dafd4b9261a1ab9acd53a53d"}}, {"model": "songs.songs", "pk": 124, "fields": {"spotify_id": "4VFE6ZNqa8jHAmbYICoAFg", "mood": "Whatever", "submoods": null, "name": "God, Your Mama, And Me", "artist": "Florida Georgia Line", "uri": "spotify:track:4VFE6ZNqa8jHAmbYICoAFg", "album_art": "https://i.scdn.co/image/ab67616d0000b27305f4943d0f3a292234e74ab8"}}, {"model": "songs.songs", "pk": 125, "fields": {"spotify_id": "6sbXGUn9V9ZaLwLdOfpKRE", "mood": "Happy", "submoods": null, "name": "Larger Than Life", "artist": "Backstreet Boys", "uri": "spotify:track:6sbXGUn9V9ZaLwLdOfpKRE", "album_art": "https://i.scdn.co/image/ab67616d0000b2732160c02bc56f192df0f4986b"}}, {"model": "songs.songs", "pk": 126, "fields": {"spotify_id": "62bOmKYxYg7dhrC6gH9vFn", "mood": "Happy", "submoods": null, "name": "Bye Bye Bye", "artist": "*NSYNC", "uri": "spotify:track:62bOmKYxYg7dhrC6gH9vFn", "album_art": "https://i.scdn.co/image/ab67616d0000b273a6cb8fab778e1efc406a5909"}}, {"model": "songs.songs", "pk": 127, "fields": {"spotify_id": "7Jg65cOkLoiT7Q4vQqUvIG", "mood": "Whatever", "submoods": null, "name": "Everybody (Backstreet's Back) - Radio Edit", "artist": "Backstreet Boys", "uri": "spotify:track:7Jg65cOkLoiT7Q4vQqUvIG", "album_art": "https://i.scdn.co/image/ab67616d0000b273834101d847dd828e562cac04"}}, {"model": "songs.songs", "pk": 128, "fields": {"spotify_id": "6e40mgJiCid5HRAGrbpGA6", "mood": "Whatever", "submoods": null, "name": "I Want It That Way", "artist": "Backstreet Boys", "uri": "spotify:track:6e40mgJiCid5HRAGrbpGA6", "album_art": "https://i.scdn.co/image/ab67616d0000b273c2f0d820b1113f9a243fb973"}}, {"model": "songs.songs", "pk": 129, "fields": {"spotify_id": "1nRwyxNsqCLeA17qR8Nfxx", "mood": "Happy", "submoods": null, "name": "Quit Playing Games (With My Heart)", "artist": "Backstreet Boys", "uri": "spotify:track:1nRwyxNsqCLeA17qR8Nfxx", "album_art": "https://i.scdn.co/image/ab67616d0000b273dafd4b9261a1ab9acd53a53d"}}, {"model": "songs.songs", "pk": 130, "fields": {"spotify_id": "35o9a4iAfLl5jRmqMX9c1D", "mood": "Whatever", "submoods": null, "name": "Shape of My Heart", "artist": "Backstreet Boys", "uri": "spotify:track:35o9a4iAfLl5jRmqMX9c1D", "album_art": "https://i.scdn.co/image/ab67616d0000b273cf871e6326e334bfa92cff20"}}, {"model": "songs.songs", "pk": 131, "fields": {"spotify_id": "1lORkxEMmsCZqhoxcmk3A3", "mood": "Relaxed", "submoods": null, "name": "Nothing", "artist": "Bruno Major", "uri": "spotify:track:1lORkxEMmsCZqhoxcmk3A3", "album_art": "https://i.scdn.co/image/ab67616d0000b273e321a69d7454d9365c667187"}}, {"model": "songs.songs", "pk": 132, "fields": {"spotify_id": "0wfnEetPwlLHmnzhRXvPuk", "mood": "Sad", "submoods": null, "name": "Places We Won't Walk", "artist": "Bruno Major", "uri": "spotify:track:0wfnEetPwlLHmnzhRXvPuk", "album_art": "https://i.scdn.co/image/ab67616d0000b273a74b5540eb5322f0bca74c7d"}}, {"model": "songs.songs", "pk": 133, "fields": {"spotify_id": "0RnxpSzxzwZgFQ0NahQr9K", "mood": "Whatever", "submoods": null, "name": "Easily", "artist": "Bruno Major", "uri": "spotify:track:0RnxpSzxzwZgFQ0NahQr9K", "album_art": "https://i.scdn.co/image/ab67616d0000b273a74b5540eb5322f0bca74c7d"}}, {"model": "songs.songs", "pk": 134, "fields": {"spotify_id": "4aINyqdBW5DHx8NrkZRnjr", "mood": "Whatever", "submoods": null, "name": "Like Someone In Love", "artist": "Bruno Major", "uri": "spotify:track:4aINyqdBW5DHx8NrkZRnjr", "album_art": "https://i.scdn.co/image/ab67616d0000b273a74b5540eb5322f0bca74c7d"}}, {"model": "songs.songs", "pk": 135, "fields": {"spotify_id": "07koEqsKHZTlGVMC9eoEjO", "mood": "Relaxed", "submoods": null, "name": "The Most Beautiful Thing", "artist": "Bruno Major", "uri": "spotify:track:07koEqsKHZTlGVMC9eoEjO", "album_art": "https://i.scdn.co/image/ab67616d0000b273e321a69d7454d9365c667187"}}, {"model": "songs.songs", "pk": 136, "fields": {"spotify_id": "0lKTZbj7of6RjyzsT65SUo", "mood": "Sad", "submoods": null, "name": "The Show Must Go On", "artist": "Bruno Major", "uri": "spotify:track:0lKTZbj7of6RjyzsT65SUo", "album_art": "https://i.scdn.co/image/ab67616d0000b273abe70303cafa3b7bdab322bc"}}, {"model": "songs.songs", "pk": 137, "fields": {"spotify_id": "2qiDXgq5fL1FetkhX5xi9L", "mood": "Relaxed", "submoods": null, "name": "Regent's Park", "artist": "Bruno Major", "uri": "spotify:track:2qiDXgq5fL1FetkhX5xi9L", "album_art": "https://i.scdn.co/image/ab67616d0000b273e321a69d7454d9365c667187"}}, {"model": "songs.songs", "pk": 138, "fields": {"spotify_id": "4Uo5hDtaCIs8Em4CPZC3i0", "mood": "Sad", "submoods": null, "name": "The End", "artist": "Bruno Major", "uri": "spotify:track:4Uo5hDtaCIs8Em4CPZC3i0", "album_art": "https://i.scdn.co/image/ab67616d0000b273abe70303cafa3b7bdab322bc"}}, {"model": "songs.songs", "pk": 139, "fields": {"spotify_id": "2QZzngN7hEFac2yC6zxOGy", "mood": "Sad", "submoods": null, "name": "We Were Never Really Friends", "artist": "Bruno Major", "uri": "spotify:track:2QZzngN7hEFac2yC6zxOGy", "album_art": "https://i.scdn.co/image/ab67616d0000b273abe70303cafa3b7bdab322bc"}}, {"model": "songs.songs", "pk": 140, "fields": {"spotify_id": "6PGaHXbIW1oFf1ER258tLi", "mood": "Sad", "submoods": null, "name": "She Chose Me", "artist": "Bruno Major", "uri": "spotify:track:6PGaHXbIW1oFf1ER258tLi", "album_art": "https://i.scdn.co/image/ab67616d0000b273e321a69d7454d9365c667187"}}, {"model": "songs.songs", "pk": 141, "fields": {"spotify_id": "1xzi1Jcr7mEi9K2RfzLOqS", "mood": "Whatever", "submoods": null, "name": "CUFF IT", "artist": "Beyoncé", "uri": "spotify:track:1xzi1Jcr7mEi9K2RfzLOqS", "album_art": "https://i.scdn.co/image/ab67616d0000b2730e58a0f8308c1ad403d105e7"}}, {"model": "songs.songs", "pk": 142, "fields": {"spotify_id": "6jG2YzhxptolDzLHTGLt7S", "mood": "Whatever", "submoods": null, "name": "Drunk in Love (feat. Jay-Z)", "artist": "Beyoncé", "uri": "spotify:track:6jG2YzhxptolDzLHTGLt7S", "album_art": "https://i.scdn.co/image/ab67616d0000b2730d1d6e9325275f104f8e33f3"}}, {"model": "songs.songs", "pk": 143, "fields": {"spotify_id": "0OEe83mMZ5kaNw5uZQ7ilG", "mood": "Whatever", "submoods": null, "name": "DELRESTO (ECHOES) (feat. Beyoncé)", "artist": "Travis Scott", "uri": "spotify:track:0OEe83mMZ5kaNw5uZQ7ilG", "album_art": "https://i.scdn.co/image/ab67616d0000b273881d8d8378cd01099babcd44"}}, {"model": "songs.songs", "pk": 144, "fields": {"spotify_id": "5IVuqXILoxVWvWEPm82Jxr", "mood": "Whatever", "submoods": null, "name": "Crazy In Love (feat. Jay-Z)", "artist": "Beyoncé", "uri": "spotify:track:5IVuqXILoxVWvWEPm82Jxr", "album_art": "https://i.scdn.co/image/ab67616d0000b27345680a4a57c97894490a01c1"}}, {"model": "songs.songs", "pk": 145, "fields": {"spotify_id": "0mKGwFMHzTprtS2vpR3b6s", "mood": "Whatever", "submoods": null, "name": "COZY", "artist": "Beyoncé", "uri": "spotify:track:0mKGwFMHzTprtS2vpR3b6s", "album_art": "https://i.scdn.co/image/ab67616d0000b2730e58a0f8308c1ad403d105e7"}}, {"model": "songs.songs", "pk": 146, "fields": {"spotify_id": "5R9a4t5t5O0IsznsrKPVro", "mood": "Whatever", "submoods": null, "name": "Single Ladies (Put a Ring on It)", "artist": "Beyoncé", "uri": "spotify:track:5R9a4t5t5O0IsznsrKPVro", "album_art": "https://i.scdn.co/image/ab67616d0000b273801c4d205accdba0a468a10b"}}, {"model": "songs.songs", "pk": 147, "fields": {"spotify_id": "02M6vucOvmRfMxTXDUwRXu", "mood": "Whatever", "submoods": null, "name": "7/11", "artist": "Beyoncé", "uri": "spotify:track:02M6vucOvmRfMxTXDUwRXu", "album_art": "https://i.scdn.co/image/ab67616d0000b2730d1d6e9325275f104f8e33f3"}}, {"model": "songs.songs", "pk": 148, "fields": {"spotify_id": "6l8mgVN9Xf1hiDIFGA6CTE", "mood": "Intense", "submoods": null, "name": "AMERICA HAS A PROBLEM (feat. Kendrick Lamar)", "artist": "Beyoncé", "uri": "spotify:track:6l8mgVN9Xf1hiDIFGA6CTE", "album_art": "https://i.scdn.co/image/ab67616d0000b27378643be90cd7c5ec75675855"}}, {"model": "songs.songs", "pk": 149, "fields": {"spotify_id": "6RX5iL93VZ5fKmyvNXvF1r", "mood": "Whatever", "submoods": null, "name": "Irreplaceable", "artist": "Beyoncé", "uri": "spotify:track:6RX5iL93VZ5fKmyvNXvF1r", "album_art": "https://i.scdn.co/image/ab67616d0000b273026e88f624dfb96f2e1ef10b"}}, {"model": "songs.songs", "pk": 150, "fields": {"spotify_id": "1Hohk6AufHZOrrhMXZppax", "mood": "Whatever", "submoods": null, "name": "ALIEN SUPERSTAR", "artist": "Beyoncé", "uri": "spotify:track:1Hohk6AufHZOrrhMXZppax", "album_art": "https://i.scdn.co/image/ab67616d0000b2730e58a0f8308c1ad403d105e7"}}, {"model": "songs.songs", "pk": 151, "fields": {"spotify_id": "2IGMVunIBsBLtEQyoI1Mu7", "mood": "Happy", "submoods": null, "name": "Paint The Town Red", "artist": "Doja Cat", "uri": "spotify:track:2IGMVunIBsBLtEQyoI1Mu7", "album_art": "https://i.scdn.co/image/ab67616d0000b2737acee948ecac8380c1b6ce30"}}, {"model": "songs.songs", "pk": 152, "fields": {"spotify_id": "3DarAbFujv6eYNliUTyqtz", "mood": "Happy", "submoods": null, "name": "Kiss Me More (feat. SZA)", "artist": "Doja Cat", "uri": "spotify:track:3DarAbFujv6eYNliUTyqtz", "album_art": "https://i.scdn.co/image/ab67616d0000b2737acacbc45d78f1fb58cb6a4b"}}, {"model": "songs.songs", "pk": 153, "fields": {"spotify_id": "0O6u0VJ46W86TxN9wgyqDj", "mood": "Whatever", "submoods": null, "name": "I Like You (A Happier Song) (with Doja Cat)", "artist": "Post Malone", "uri": "spotify:track:0O6u0VJ46W86TxN9wgyqDj", "album_art": "https://i.scdn.co/image/ab67616d0000b27334362676667a4322838ccc97"}}, {"model": "songs.songs", "pk": 154, "fields": {"spotify_id": "60ynsPSSKe6O3sfwRnIBRf", "mood": "Sad", "submoods": null, "name": "Streets", "artist": "Doja Cat", "uri": "spotify:track:60ynsPSSKe6O3sfwRnIBRf", "album_art": "https://i.scdn.co/image/ab67616d0000b273dd0316b194097528348c8eb0"}}, {"model": "songs.songs", "pk": 155, "fields": {"spotify_id": "0hquQWY3xvYqN4qtiquniF", "mood": "Happy", "submoods": null, "name": "Vegas (From the Original Motion Picture Soundtrack ELVIS)", "artist": "Doja Cat", "uri": "spotify:track:0hquQWY3xvYqN4qtiquniF", "album_art": "https://i.scdn.co/image/ab67616d0000b2739cabbe77a322fcb0f48b4fc6"}}, {"model": "songs.songs", "pk": 156, "fields": {"spotify_id": "11xC6P3iKYpFThT6Ce1KdG", "mood": "Whatever", "submoods": null, "name": "Attention", "artist": "Doja Cat", "uri": "spotify:track:11xC6P3iKYpFThT6Ce1KdG", "album_art": "https://i.scdn.co/image/ab67616d0000b27324b893fb9e7953ebc9517c6a"}}, {"model": "songs.songs", "pk": 157, "fields": {"spotify_id": "3Vi5XqYrmQgOYBajMWSvCi", "mood": "Whatever", "submoods": null, "name": "Need to Know", "artist": "Doja Cat", "uri": "spotify:track:3Vi5XqYrmQgOYBajMWSvCi", "album_art": "https://i.scdn.co/image/ab67616d0000b2737acacbc45d78f1fb58cb6a4b"}}, {"model": "songs.songs", "pk": 158, "fields": {"spotify_id": "6Uj1ctrBOjOas8xZXGqKk4", "mood": "Happy", "submoods": null, "name": "Woman", "artist": "Doja Cat", "uri": "spotify:track:6Uj1ctrBOjOas8xZXGqKk4", "album_art": "https://i.scdn.co/image/ab67616d0000b2737acacbc45d78f1fb58cb6a4b"}}, {"model": "songs.songs", "pk": 159, "fields": {"spotify_id": "1xemKSmCnH59ze3KX5wwgH", "mood": "Sad", "submoods": null, "name": "Demons", "artist": "Doja Cat", "uri": "spotify:track:1xemKSmCnH59ze3KX5wwgH", "album_art": "https://i.scdn.co/image/ab67616d0000b273d5fe37ec6d8f78ffc5437859"}}, {"model": "songs.songs", "pk": 160, "fields": {"spotify_id": "3Dv1eDb0MEgF93GpLXlucZ", "mood": "Happy", "submoods": null, "name": "Say So", "artist": "Doja Cat", "uri": "spotify:track:3Dv1eDb0MEgF93GpLXlucZ", "album_art": "https://i.scdn.co/image/ab67616d0000b273dd0316b194097528348c8eb0"}}, {"model": "songs.songs", "pk": 161, "fields": {"spotify_id": "6otiaV2fagE3s8IvP6WkwG", "mood": "Whatever", "submoods": null, "name": "I'm Just a Kid", "artist": "Simple Plan", "uri": "spotify:track:6otiaV2fagE3s8IvP6WkwG", "album_art": "https://i.scdn.co/image/ab67616d0000b2737e973b97ebe64cabf8e3dfa0"}}, {"model": "songs.songs", "pk": 162, "fields": {"spotify_id": "4j3X4KX8rURekAVIFUhI23", "mood": "Whatever", "submoods": null, "name": "Perfect", "artist": "Simple Plan", "uri": "spotify:track:4j3X4KX8rURekAVIFUhI23", "album_art": "https://i.scdn.co/image/ab67616d0000b2737e973b97ebe64cabf8e3dfa0"}}, {"model": "songs.songs", "pk": 163, "fields": {"spotify_id": "4uVjbl6daCwjhDur7qLddu", "mood": "Whatever", "submoods": null, "name": "I'd Do Anything", "artist": "Simple Plan", "uri": "spotify:track:4uVjbl6daCwjhDur7qLddu", "album_art": "https://i.scdn.co/image/ab67616d0000b2737e973b97ebe64cabf8e3dfa0"}}, {"model": "songs.songs", "pk": 164, "fields": {"spotify_id": "1B8MHa0NveCF1ViBEOZWO5", "mood": "Whatever", "submoods": null, "name": "Addicted", "artist": "Simple Plan", "uri": "spotify:track:1B8MHa0NveCF1ViBEOZWO5", "album_art": "https://i.scdn.co/image/ab67616d0000b2737e973b97ebe64cabf8e3dfa0"}}, {"model": "songs.songs", "pk": 165, "fields": {"spotify_id": "714Lw0m2SmCEhKSPw0Dn8J", "mood": "Whatever", "submoods": null, "name": "Welcome to My Life", "artist": "Simple Plan", "uri": "spotify:track:714Lw0m2SmCEhKSPw0Dn8J", "album_art": "https://i.scdn.co/image/ab67616d0000b27348b0ca6a48516ee746f25144"}}, {"model": "songs.songs", "pk": 166, "fields": {"spotify_id": "6DD5beNG6Ji3AYp5WrYnwD", "mood": "Whatever", "submoods": null, "name": "What's New Scooby-Doo?", "artist": "Simple Plan", "uri": "spotify:track:6DD5beNG6Ji3AYp5WrYnwD", "album_art": "https://i.scdn.co/image/ab67616d0000b273f9f724cac623b4340bf1a5b3"}}, {"model": "songs.songs", "pk": 167, "fields": {"spotify_id": "0g4Nl4tH0jef0wApjV5sfH", "mood": "Whatever", "submoods": null, "name": "Ruin My Life (feat. Deryck Whibley)", "artist": "Simple Plan", "uri": "spotify:track:0g4Nl4tH0jef0wApjV5sfH", "album_art": "https://i.scdn.co/image/ab67616d0000b273642d4ad3a8c6713e8fe61b62"}}, {"model": "songs.songs", "pk": 168, "fields": {"spotify_id": "6XbmIuDxm4gWpVYoGg5DQX", "mood": "Whatever", "submoods": null, "name": "Where I Belong (feat. We The Kings)", "artist": "Simple Plan", "uri": "spotify:track:6XbmIuDxm4gWpVYoGg5DQX", "album_art": "https://i.scdn.co/image/ab67616d0000b2731707f38289874e842f904403"}}, {"model": "songs.songs", "pk": 169, "fields": {"spotify_id": "3eRLKD1Lgc2OrYGxRxX62s", "mood": "Sad", "submoods": null, "name": "Untitled (How Could This Happen to Me?)", "artist": "Simple Plan", "uri": "spotify:track:3eRLKD1Lgc2OrYGxRxX62s", "album_art": "https://i.scdn.co/image/ab67616d0000b27348b0ca6a48516ee746f25144"}}, {"model": "songs.songs", "pk": 170, "fields": {"spotify_id": "2SMYQhVrLA7NRjUxAVghSH", "mood": "Whatever", "submoods": null, "name": "Shut Up!", "artist": "Simple Plan", "uri": "spotify:track:2SMYQhVrLA7NRjUxAVghSH", "album_art": "https://i.scdn.co/image/ab67616d0000b27348b0ca6a48516ee746f25144"}}, {"model": "songs.songs", "pk": 171, "fields": {"spotify_id": "0yvPEnB032fojLfVluFjUv", "mood": "Happy", "submoods": null, "name": "Sorry Not Sorry", "artist": "Demi Lovato", "uri": "spotify:track:0yvPEnB032fojLfVluFjUv", "album_art": "https://i.scdn.co/image/ab67616d0000b273f70868aec6eebfea4cd16c70"}}, {"model": "songs.songs", "pk": 172, "fields": {"spotify_id": "3sP3c86WFjOzHHnbhhZcLA", "mood": "Whatever", "submoods": null, "name": "Give Your Heart a Break", "artist": "Demi Lovato", "uri": "spotify:track:3sP3c86WFjOzHHnbhhZcLA", "album_art": "https://i.scdn.co/image/ab67616d0000b27383fc43cfc25d836e17f8cc30"}}, {"model": "songs.songs", "pk": 173, "fields": {"spotify_id": "1V6gIisPpYqgFeWbMLI0bA", "mood": "Whatever", "submoods": null, "name": "Heart Attack", "artist": "Demi Lovato", "uri": "spotify:track:1V6gIisPpYqgFeWbMLI0bA", "album_art": "https://i.scdn.co/image/ab67616d0000b273aadb13ae608f6af20528409b"}}, {"model": "songs.songs", "pk": 174, "fields": {"spotify_id": "4B3RmT3cGvh8By3WY9pbIx", "mood": "Whatever", "submoods": null, "name": "Skyscraper", "artist": "Demi Lovato", "uri": "spotify:track:4B3RmT3cGvh8By3WY9pbIx", "album_art": "https://i.scdn.co/image/ab67616d0000b27383fc43cfc25d836e17f8cc30"}}, {"model": "songs.songs", "pk": 175, "fields": {"spotify_id": "3uwnnTQcHM1rDqSfA4gQNz", "mood": "Whatever", "submoods": null, "name": "Cool for the Summer", "artist": "Demi Lovato", "uri": "spotify:track:3uwnnTQcHM1rDqSfA4gQNz", "album_art": "https://i.scdn.co/image/ab67616d0000b273ed164cf1c10f028e8f528784"}}, {"model": "songs.songs", "pk": 176, "fields": {"spotify_id": "21RCuMVSlblTmyYm2DnPCR", "mood": "Whatever", "submoods": null, "name": "Tell Me You Love Me", "artist": "Demi Lovato", "uri": "spotify:track:21RCuMVSlblTmyYm2DnPCR", "album_art": "https://i.scdn.co/image/ab67616d0000b273f70868aec6eebfea4cd16c70"}}, {"model": "songs.songs", "pk": 177, "fields": {"spotify_id": "0STK94RxUulYqWzwFlyAb5", "mood": "Sad", "submoods": null, "name": "Sober", "artist": "Demi Lovato", "uri": "spotify:track:0STK94RxUulYqWzwFlyAb5", "album_art": "https://i.scdn.co/image/ab67616d0000b2737a7dd60e4a524da7e46984f5"}}, {"model": "songs.songs", "pk": 178, "fields": {"spotify_id": "5vTPxzm4h2bY9rYyVrGEU5", "mood": "Happy", "submoods": null, "name": "Really Don't Care", "artist": "Demi Lovato", "uri": "spotify:track:5vTPxzm4h2bY9rYyVrGEU5", "album_art": "https://i.scdn.co/image/ab67616d0000b273aadb13ae608f6af20528409b"}}, {"model": "songs.songs", "pk": 179, "fields": {"spotify_id": "0M9VqYG0wVun054JIdwFO8", "mood": "Happy", "submoods": null, "name": "La La Land", "artist": "Demi Lovato", "uri": "spotify:track:0M9VqYG0wVun054JIdwFO8", "album_art": "https://i.scdn.co/image/ab67616d0000b27334b49b3c32805f2357b53729"}}, {"model": "songs.songs", "pk": 180, "fields": {"spotify_id": "6kPJZM97LwdG9QIsT7khp6", "mood": "Whatever", "submoods": null, "name": "Solo (feat. Demi Lovato)", "artist": "Clean Bandit", "uri": "spotify:track:6kPJZM97LwdG9QIsT7khp6", "album_art": "https://i.scdn.co/image/ab67616d0000b27367eda217860e86c43481a5cb"}}, {"model": "songs.songs", "pk": 181, "fields": {"spotify_id": "73CMRj62VK8nUS4ezD2wvi", "mood": "Whatever", "submoods": null, "name": "Set Fire to the Rain", "artist": "Adele", "uri": "spotify:track:73CMRj62VK8nUS4ezD2wvi", "album_art": "https://i.scdn.co/image/ab67616d0000b2732118bf9b198b05a95ded6300"}}, {"model": "songs.songs", "pk": 182, "fields": {"spotify_id": "1zwMYTA5nlNjZxYrvBB2pV", "mood": "Sad", "submoods": null, "name": "Someone Like You", "artist": "Adele", "uri": "spotify:track:1zwMYTA5nlNjZxYrvBB2pV", "album_art": "https://i.scdn.co/image/ab67616d0000b2732118bf9b198b05a95ded6300"}}, {"model": "songs.songs", "pk": 183, "fields": {"spotify_id": "1c8gk2PeTE04A1pIDH9YMk", "mood": "Whatever", "submoods": null, "name": "Rolling in the Deep", "artist": "Adele", "uri": "spotify:track:1c8gk2PeTE04A1pIDH9YMk", "album_art": "https://i.scdn.co/image/ab67616d0000b2732118bf9b198b05a95ded6300"}}, {"model": "songs.songs", "pk": 184, "fields": {"spotify_id": "7B5Npv8NjjTCzk8PLpU66h", "mood": "Sad", "submoods": null, "name": "Love In The Dark", "artist": "Adele", "uri": "spotify:track:7B5Npv8NjjTCzk8PLpU66h", "album_art": "https://i.scdn.co/image/ab67616d0000b27347ce408fb4926d69da6713c2"}}, {"model": "songs.songs", "pk": 185, "fields": {"spotify_id": "0gplL1WMoJ6iYaPgMCL0gX", "mood": "Sad", "submoods": null, "name": "Easy On Me", "artist": "Adele", "uri": "spotify:track:0gplL1WMoJ6iYaPgMCL0gX", "album_art": "https://i.scdn.co/image/ab67616d0000b27350dba34377a595e35f81b0e4"}}, {"model": "songs.songs", "pk": 186, "fields": {"spotify_id": "7GgWAITsYJaRM3r50rfh5w", "mood": "Whatever", "submoods": null, "name": "When We Were Young", "artist": "Adele", "uri": "spotify:track:7GgWAITsYJaRM3r50rfh5w", "album_art": "https://i.scdn.co/image/ab67616d0000b27347ce408fb4926d69da6713c2"}}, {"model": "songs.songs", "pk": 187, "fields": {"spotify_id": "5FgPwJ7Nh2FVmIXviKl2VF", "mood": "Sad", "submoods": null, "name": "Make You Feel My Love", "artist": "Adele", "uri": "spotify:track:5FgPwJ7Nh2FVmIXviKl2VF", "album_art": "https://i.scdn.co/image/ab67616d0000b273ed1f35398ed8d3ee33986c11"}}, {"model": "songs.songs", "pk": 188, "fields": {"spotify_id": "46IZ0fSY2mpAiktS3KOqds", "mood": "Sad", "submoods": null, "name": "Easy On Me", "artist": "Adele", "uri": "spotify:track:46IZ0fSY2mpAiktS3KOqds", "album_art": "https://i.scdn.co/image/ab67616d0000b273c6b577e4c4a6d326354a89f7"}}, {"model": "songs.songs", "pk": 189, "fields": {"spotify_id": "05TOt5Vz4StdjMpEdFPlvB", "mood": "Sad", "submoods": null, "name": "All I Ask", "artist": "Adele", "uri": "spotify:track:05TOt5Vz4StdjMpEdFPlvB", "album_art": "https://i.scdn.co/image/ab67616d0000b27347ce408fb4926d69da6713c2"}}, {"model": "songs.songs", "pk": 190, "fields": {"spotify_id": "62PaSfnXSMyLshYJrlTuL3", "mood": "Sad", "submoods": null, "name": "Hello", "artist": "Adele", "uri": "spotify:track:62PaSfnXSMyLshYJrlTuL3", "album_art": "https://i.scdn.co/image/ab67616d0000b27347ce408fb4926d69da6713c2"}}, {"model": "songs.songs", "pk": 191, "fields": {"spotify_id": "7mXuWTczZNxG5EDcjFEuJR", "mood": "Happy", "submoods": null, "name": "LADY GAGA", "artist": "Peso Pluma", "uri": "spotify:track:7mXuWTczZNxG5EDcjFEuJR", "album_art": "https://i.scdn.co/image/ab67616d0000b2732fb583ed96f8f35cbf2897ba"}}, {"model": "songs.songs", "pk": 192, "fields": {"spotify_id": "5R8dQOPq8haW94K7mgERlO", "mood": "Happy", "submoods": null, "name": "Poker Face", "artist": "Lady Gaga", "uri": "spotify:track:5R8dQOPq8haW94K7mgERlO", "album_art": "https://i.scdn.co/image/ab67616d0000b273631810af03785dbad83f5c81"}}, {"model": "songs.songs", "pk": 193, "fields": {"spotify_id": "0SiywuOBRcynK0uKGWdCnn", "mood": "Intense", "submoods": null, "name": "Bad Romance", "artist": "Lady Gaga", "uri": "spotify:track:0SiywuOBRcynK0uKGWdCnn", "album_art": "https://i.scdn.co/image/ab67616d0000b2735c9890c0456a3719eeecd8aa"}}, {"model": "songs.songs", "pk": 194, "fields": {"spotify_id": "7Hqig8kp32q2Ire3ECQvWM", "mood": "Intense", "submoods": null, "name": "Paparazzi", "artist": "Lady Gaga", "uri": "spotify:track:7Hqig8kp32q2Ire3ECQvWM", "album_art": "https://i.scdn.co/image/ab67616d0000b273631810af03785dbad83f5c81"}}, {"model": "songs.songs", "pk": 195, "fields": {"spotify_id": "2x7MyWybabEz6Y6wvHuwGE", "mood": "Energetic", "submoods": null, "name": "Just Dance", "artist": "Lady Gaga", "uri": "spotify:track:2x7MyWybabEz6Y6wvHuwGE", "album_art": "https://i.scdn.co/image/ab67616d0000b273631810af03785dbad83f5c81"}}, {"model": "songs.songs", "pk": 196, "fields": {"spotify_id": "2VxeLyX666F8uXCJ0dZF8B", "mood": "Sad", "submoods": null, "name": "Shallow", "artist": "Lady Gaga", "uri": "spotify:track:2VxeLyX666F8uXCJ0dZF8B", "album_art": "https://i.scdn.co/image/ab67616d0000b273e2d156fdc691f57900134342"}}, {"model": "songs.songs", "pk": 197, "fields": {"spotify_id": "11BKm0j4eYoCPPpCONAVwA", "mood": "Energetic", "submoods": null, "name": "Bloody Mary", "artist": "Lady Gaga", "uri": "spotify:track:11BKm0j4eYoCPPpCONAVwA", "album_art": "https://i.scdn.co/image/ab67616d0000b273a47c0e156ea3cebe37fdcab8"}}, {"model": "songs.songs", "pk": 199, "fields": {"spotify_id": "7rl7ao5pb9BhvAzPdWStxi", "mood": "Happy", "submoods": null, "name": "Telephone", "artist": "Lady Gaga", "uri": "spotify:track:7rl7ao5pb9BhvAzPdWStxi", "album_art": "https://i.scdn.co/image/ab67616d0000b273bfd247438980173d32fd5ba8"}}, {"model": "songs.songs", "pk": 200, "fields": {"spotify_id": "2rbDhOo9Fh61Bbu23T2qCk", "mood": "Whatever", "submoods": null, "name": "Always Remember Us This Way", "artist": "Lady Gaga", "uri": "spotify:track:2rbDhOo9Fh61Bbu23T2qCk", "album_art": "https://i.scdn.co/image/ab67616d0000b273b5d4b4ed17ec86c4b3944af2"}}, {"model": "songs.songs", "pk": 201, "fields": {"spotify_id": "0KKkJNfGyhkQ5aFogxQAPU", "mood": "Happy", "submoods": null, "name": "That's What I Like", "artist": "Bruno Mars", "uri": "spotify:track:0KKkJNfGyhkQ5aFogxQAPU", "album_art": "https://i.scdn.co/image/ab67616d0000b273232711f7d66a1e19e89e28c5"}}, {"model": "songs.songs", "pk": 202, "fields": {"spotify_id": "3w3y8KPTfNeOKPiqUTakBh", "mood": "Happy", "submoods": null, "name": "Locked out of Heaven", "artist": "Bruno Mars", "uri": "spotify:track:3w3y8KPTfNeOKPiqUTakBh", "album_art": "https://i.scdn.co/image/ab67616d0000b273926f43e7cce571e62720fd46"}}, {"model": "songs.songs", "pk": 203, "fields": {"spotify_id": "0nJW01T7XtvILxQgC5J7Wh", "mood": "Whatever", "submoods": null, "name": "When I Was Your Man", "artist": "Bruno Mars", "uri": "spotify:track:0nJW01T7XtvILxQgC5J7Wh", "album_art": "https://i.scdn.co/image/ab67616d0000b273926f43e7cce571e62720fd46"}}, {"model": "songs.songs", "pk": 204, "fields": {"spotify_id": "2tJulUYLDKOg9XrtVkMgcJ", "mood": "Whatever", "submoods": null, "name": "Grenade", "artist": "Bruno Mars", "uri": "spotify:track:2tJulUYLDKOg9XrtVkMgcJ", "album_art": "https://i.scdn.co/image/ab67616d0000b273f6b55ca93bd33211227b502b"}}, {"model": "songs.songs", "pk": 205, "fields": {"spotify_id": "7BqBn9nzAq8spo5e7cZ0dJ", "mood": "Whatever", "submoods": null, "name": "Just the Way You Are", "artist": "Bruno Mars", "uri": "spotify:track:7BqBn9nzAq8spo5e7cZ0dJ", "album_art": "https://i.scdn.co/image/ab67616d0000b273f6b55ca93bd33211227b502b"}}, {"model": "songs.songs", "pk": 206, "fields": {"spotify_id": "6b8Be6ljOzmkOmFslEb23P", "mood": "Energetic", "submoods": null, "name": "24K Magic", "artist": "Bruno Mars", "uri": "spotify:track:6b8Be6ljOzmkOmFslEb23P", "album_art": "https://i.scdn.co/image/ab67616d0000b273232711f7d66a1e19e89e28c5"}}, {"model": "songs.songs", "pk": 207, "fields": {"spotify_id": "55h7vJchibLdUkxdlX3fK7", "mood": "Happy", "submoods": null, "name": "Treasure", "artist": "Bruno Mars", "uri": "spotify:track:55h7vJchibLdUkxdlX3fK7", "album_art": "https://i.scdn.co/image/ab67616d0000b273926f43e7cce571e62720fd46"}}, {"model": "songs.songs", "pk": 208, "fields": {"spotify_id": "02VBYrHfVwfEWXk5DXyf0T", "mood": "Happy", "submoods": null, "name": "Leave The Door Open", "artist": "Bruno Mars", "uri": "spotify:track:02VBYrHfVwfEWXk5DXyf0T", "album_art": "https://i.scdn.co/image/ab67616d0000b273fcf75ead8a32ac0020d2ce86"}}, {"model": "songs.songs", "pk": 209, "fields": {"spotify_id": "161DnLWsx1i3u1JT05lzqU", "mood": "Whatever", "submoods": null, "name": "Talking to the Moon", "artist": "Bruno Mars", "uri": "spotify:track:161DnLWsx1i3u1JT05lzqU", "album_art": "https://i.scdn.co/image/ab67616d0000b273f6b55ca93bd33211227b502b"}}, {"model": "songs.songs", "pk": 210, "fields": {"spotify_id": "32OlwWuMpZ6b0aN2RZOeMS", "mood": "Happy", "submoods": null, "name": "Uptown Funk (feat. Bruno Mars)", "artist": "Mark Ronson", "uri": "spotify:track:32OlwWuMpZ6b0aN2RZOeMS", "album_art": "https://i.scdn.co/image/ab67616d0000b273e419ccba0baa8bd3f3d7abf2"}}, {"model": "songs.songs", "pk": 211, "fields": {"spotify_id": "7JJmb5XwzOO8jgpou264Ml", "mood": "Happy", "submoods": null, "name": "There's Nothing Holdin' Me Back", "artist": "Shawn Mendes", "uri": "spotify:track:7JJmb5XwzOO8jgpou264Ml", "album_art": "https://i.scdn.co/image/ab67616d0000b273ea3ef7697cfd5705b8f47521"}}, {"model": "songs.songs", "pk": 212, "fields": {"spotify_id": "3QGsuHI8jO1Rx4JWLUh9jd", "mood": "Happy", "submoods": null, "name": "Treat You Better", "artist": "Shawn Mendes", "uri": "spotify:track:3QGsuHI8jO1Rx4JWLUh9jd", "album_art": "https://i.scdn.co/image/ab67616d0000b2731376b4b16f4bfcba02dc571b"}}, {"model": "songs.songs", "pk": 213, "fields": {"spotify_id": "0AS63m1wHv9n4VVRizK6Hc", "mood": "Intense", "submoods": null, "name": "Mercy", "artist": "Shawn Mendes", "uri": "spotify:track:0AS63m1wHv9n4VVRizK6Hc", "album_art": "https://i.scdn.co/image/ab67616d0000b273ea3ef7697cfd5705b8f47521"}}, {"model": "songs.songs", "pk": 214, "fields": {"spotify_id": "5jsw9uXEGuKyJzs0boZ1bT", "mood": "Happy", "submoods": null, "name": "Stitches", "artist": "Shawn Mendes", "uri": "spotify:track:5jsw9uXEGuKyJzs0boZ1bT", "album_art": "https://i.scdn.co/image/ab67616d0000b273d26246b23c8bfa8ce543b3bb"}}, {"model": "songs.songs", "pk": 215, "fields": {"spotify_id": "0U1W2LZVUX7qTm7dDpqxh6", "mood": "Whatever", "submoods": null, "name": "When You're Gone", "artist": "Shawn Mendes", "uri": "spotify:track:0U1W2LZVUX7qTm7dDpqxh6", "album_art": "https://i.scdn.co/image/ab67616d0000b273dad0775943c1a826bfed3117"}}, {"model": "songs.songs", "pk": 216, "fields": {"spotify_id": "5EYBryPOgIEPB7r5QIy6eG", "mood": "Happy", "submoods": null, "name": "Fallin' All In You", "artist": "Shawn Mendes", "uri": "spotify:track:5EYBryPOgIEPB7r5QIy6eG", "album_art": "https://i.scdn.co/image/ab67616d0000b273269423eb6467e308c0fbce24"}}, {"model": "songs.songs", "pk": 217, "fields": {"spotify_id": "6v3KW9xbzN5yKLt9YKDYA2", "mood": "Happy", "submoods": null, "name": "Señorita", "artist": "Shawn Mendes", "uri": "spotify:track:6v3KW9xbzN5yKLt9YKDYA2", "album_art": "https://i.scdn.co/image/ab67616d0000b273c820f033bd82bef4355d1563"}}, {"model": "songs.songs", "pk": 218, "fields": {"spotify_id": "21TcDbGosp7w9YhTjOszgA", "mood": "Sad", "submoods": null, "name": "Imagination", "artist": "Shawn Mendes", "uri": "spotify:track:21TcDbGosp7w9YhTjOszgA", "album_art": "https://i.scdn.co/image/ab67616d0000b2732d6a4125a1d62dc6185f74ea"}}, {"model": "songs.songs", "pk": 219, "fields": {"spotify_id": "79esEXlqqmq0GPz0xQSZTV", "mood": "Whatever", "submoods": null, "name": "Lost In Japan", "artist": "Shawn Mendes", "uri": "spotify:track:79esEXlqqmq0GPz0xQSZTV", "album_art": "https://i.scdn.co/image/ab67616d0000b273269423eb6467e308c0fbce24"}}, {"model": "songs.songs", "pk": 220, "fields": {"spotify_id": "6nat4Z7iRKWVk1qngQqI0Q", "mood": "Sad", "submoods": null, "name": "Perfectly Wrong", "artist": "Shawn Mendes", "uri": "spotify:track:6nat4Z7iRKWVk1qngQqI0Q", "album_art": "https://i.scdn.co/image/ab67616d0000b273269423eb6467e308c0fbce24"}}, {"model": "songs.songs", "pk": 221, "fields": {"spotify_id": "2LxAeJ9KUj1GRS9oeHgQ3i", "mood": "Happy", "submoods": null, "name": "Mundian To Bach Ke", "artist": "Panjabi MC", "uri": "spotify:track:2LxAeJ9KUj1GRS9oeHgQ3i", "album_art": "https://i.scdn.co/image/ab67616d0000b273bbb61a9df94d673defb2b8fc"}}, {"model": "songs.songs", "pk": 231, "fields": {"spotify_id": "5U8sc8et1PiuDQfIQ2J98a", "mood": "Happy", "submoods": null, "name": "Tupac", "artist": "DaBaby", "uri": "spotify:track:5U8sc8et1PiuDQfIQ2J98a", "album_art": "https://i.scdn.co/image/ab67616d0000b27374d72ebd51dd5781d5f83ffd"}}, {"model": "songs.songs", "pk": 232, "fields": {"spotify_id": "0Z2J91b2iTGLVTZC4fKgxf", "mood": "Energetic", "submoods": null, "name": "Hit 'Em Up - Single Version", "artist": "2Pac", "uri": "spotify:track:0Z2J91b2iTGLVTZC4fKgxf", "album_art": "https://i.scdn.co/image/ab67616d0000b273d81a092eb373ded457d94eec"}}, {"model": "songs.songs", "pk": 233, "fields": {"spotify_id": "48tybOd2kxWaMjnYrEWTvY", "mood": "Whatever", "submoods": null, "name": "Tupac Back (feat. Rick Ross)", "artist": "Meek Mill", "uri": "spotify:track:48tybOd2kxWaMjnYrEWTvY", "album_art": "https://i.scdn.co/image/ab67616d0000b273953e7a79c351f89c6ea851c7"}}, {"model": "songs.songs", "pk": 234, "fields": {"spotify_id": "4Tttv4p2xuAq1LpQ7LI95E", "mood": "Whatever", "submoods": null, "name": "Keep Ya Head Up", "artist": "2Pac", "uri": "spotify:track:4Tttv4p2xuAq1LpQ7LI95E", "album_art": "https://i.scdn.co/image/ab67616d0000b273d81a092eb373ded457d94eec"}}, {"model": "songs.songs", "pk": 235, "fields": {"spotify_id": "6tDxrq4FxEL2q15y37tXT9", "mood": "Whatever", "submoods": null, "name": "Dear Mama", "artist": "2Pac", "uri": "spotify:track:6tDxrq4FxEL2q15y37tXT9", "album_art": "https://i.scdn.co/image/ab67616d0000b27304b9ab6bd4bf6a350ba902ea"}}, {"model": "songs.songs", "pk": 236, "fields": {"spotify_id": "5g9lS8deSIxItFBmZRC4vN", "mood": "Happy", "submoods": null, "name": "Ambitionz Az A Ridah", "artist": "2Pac", "uri": "spotify:track:5g9lS8deSIxItFBmZRC4vN", "album_art": "https://i.scdn.co/image/ab67616d0000b273073aebff28f79959d2543596"}}, {"model": "songs.songs", "pk": 237, "fields": {"spotify_id": "3ia3dJETSOllPsv3LJkE35", "mood": "Happy", "submoods": null, "name": "California Love - Original Version", "artist": "2Pac", "uri": "spotify:track:3ia3dJETSOllPsv3LJkE35", "album_art": "https://i.scdn.co/image/ab67616d0000b273d81a092eb373ded457d94eec"}}, {"model": "songs.songs", "pk": 238, "fields": {"spotify_id": "4VQNCzfZ3MdHEwwErNXpBo", "mood": "Happy", "submoods": null, "name": "All Eyez On Me (ft. Big Syke)", "artist": "2Pac", "uri": "spotify:track:4VQNCzfZ3MdHEwwErNXpBo", "album_art": "https://i.scdn.co/image/ab67616d0000b273073aebff28f79959d2543596"}}, {"model": "songs.songs", "pk": 239, "fields": {"spotify_id": "3ypVdf0FxmzJq8PgzUZLjB", "mood": "Happy", "submoods": null, "name": "Tupac", "artist": "Matty Lo", "uri": "spotify:track:3ypVdf0FxmzJq8PgzUZLjB", "album_art": "https://i.scdn.co/image/ab67616d0000b2735af4f6d20409515b4c23248d"}}, {"model": "songs.songs", "pk": 240, "fields": {"spotify_id": "2zoobJFEB9h15fjYjRd6oP", "mood": "Whatever", "submoods": null, "name": "Hail Mary", "artist": "2Pac", "uri": "spotify:track:2zoobJFEB9h15fjYjRd6oP", "album_art": "https://i.scdn.co/image/ab67616d0000b273d81a092eb373ded457d94eec"}}, {"model": "songs.songs", "pk": 241, "fields": {"spotify_id": "22VHOlVYBqytsrAqV8yXBK", "mood": "Whatever", "submoods": null, "name": "Dial Drunk (with Post Malone)", "artist": "Noah Kahan", "uri": "spotify:track:22VHOlVYBqytsrAqV8yXBK", "album_art": "https://i.scdn.co/image/ab67616d0000b273f519f148d88bf65074b4a3a9"}}, {"model": "songs.songs", "pk": 242, "fields": {"spotify_id": "75ZvA4QfFiZvzhj2xkaWAh", "mood": "Whatever", "submoods": null, "name": "I Fall Apart", "artist": "Post Malone", "uri": "spotify:track:75ZvA4QfFiZvzhj2xkaWAh", "album_art": "https://i.scdn.co/image/ab67616d0000b27355404f712deb84d0650a4b41"}}, {"model": "songs.songs", "pk": 243, "fields": {"spotify_id": "3a1lNhkSLSkpJE4MSHpDu9", "mood": "Whatever", "submoods": null, "name": "Congratulations", "artist": "Post Malone", "uri": "spotify:track:3a1lNhkSLSkpJE4MSHpDu9", "album_art": "https://i.scdn.co/image/ab67616d0000b27355404f712deb84d0650a4b41"}}, {"model": "songs.songs", "pk": 244, "fields": {"spotify_id": "21jGcNKet2qwijlDFuPiPb", "mood": "Relaxed", "submoods": null, "name": "Circles", "artist": "Post Malone", "uri": "spotify:track:21jGcNKet2qwijlDFuPiPb", "album_art": "https://i.scdn.co/image/ab67616d0000b2739478c87599550dd73bfa7e02"}}, {"model": "songs.songs", "pk": 245, "fields": {"spotify_id": "7CZyCXKG6d5ALeq41sLzbw", "mood": "Intense", "submoods": null, "name": "Take What You Want (feat. Ozzy Osbourne & Travis Scott)", "artist": "Post Malone", "uri": "spotify:track:7CZyCXKG6d5ALeq41sLzbw", "album_art": "https://i.scdn.co/image/ab67616d0000b2739478c87599550dd73bfa7e02"}}, {"model": "songs.songs", "pk": 246, "fields": {"spotify_id": "5w40ZYhbBMAlHYNDaVJIUu", "mood": "Intense", "submoods": null, "name": "Chemical", "artist": "Post Malone", "uri": "spotify:track:5w40ZYhbBMAlHYNDaVJIUu", "album_art": "https://i.scdn.co/image/ab67616d0000b273f76f8deeba5370c98ad38f1c"}}, {"model": "songs.songs", "pk": 247, "fields": {"spotify_id": "3pI3nzi2Y0Iyj1nATDOeQV", "mood": "Whatever", "submoods": null, "name": "Mourning", "artist": "Post Malone", "uri": "spotify:track:3pI3nzi2Y0Iyj1nATDOeQV", "album_art": "https://i.scdn.co/image/ab67616d0000b27371cae34ad5a39bdab78af13e"}}, {"model": "songs.songs", "pk": 248, "fields": {"spotify_id": "0RiRZpuVRbi7oqRdSMwhQY", "mood": "Happy", "submoods": null, "name": "Sunflower - Spider-Man: Into the Spider-Verse", "artist": "Post Malone", "uri": "spotify:track:0RiRZpuVRbi7oqRdSMwhQY", "album_art": "https://i.scdn.co/image/ab67616d0000b2739478c87599550dd73bfa7e02"}}, {"model": "songs.songs", "pk": 249, "fields": {"spotify_id": "3KkXRkHbMCARz0aVfEt68P", "mood": "Happy", "submoods": null, "name": "Sunflower - Spider-Man: Into the Spider-Verse", "artist": "Post Malone", "uri": "spotify:track:3KkXRkHbMCARz0aVfEt68P", "album_art": "https://i.scdn.co/image/ab67616d0000b273e2e352d89826aef6dbd5ff8f"}}, {"model": "songs.songs", "pk": 250, "fields": {"spotify_id": "741UUVE2kuITl0c6zuqqbO", "mood": "Happy", "submoods": null, "name": "Barbie World (with Aqua) [From Barbie The Album]", "artist": "Nicki Minaj", "uri": "spotify:track:741UUVE2kuITl0c6zuqqbO", "album_art": "https://i.scdn.co/image/ab67616d0000b2737e8f938c02fac3b564931116"}}, {"model": "songs.songs", "pk": 251, "fields": {"spotify_id": "3hlksXnvbKogFdPbpO9vel", "mood": "Whatever", "submoods": null, "name": "Super Bass", "artist": "Nicki Minaj", "uri": "spotify:track:3hlksXnvbKogFdPbpO9vel", "album_art": "https://i.scdn.co/image/ab67616d0000b273aa7d2641af0fa4c1f76fafbf"}}, {"model": "songs.songs", "pk": 252, "fields": {"spotify_id": "79DPYZ6x8FfzgSgPoPhpC3", "mood": "Sad", "submoods": null, "name": "Last Time I Saw You", "artist": "Nicki Minaj", "uri": "spotify:track:79DPYZ6x8FfzgSgPoPhpC3", "album_art": "https://i.scdn.co/image/ab67616d0000b2731d1d4f7a89b4dc815a7c661b"}}, {"model": "songs.songs", "pk": 253, "fields": {"spotify_id": "4MRT0dDbhqFKl67WzhUbSw", "mood": "Sad", "submoods": null, "name": "Only", "artist": "Nicki Minaj", "uri": "spotify:track:4MRT0dDbhqFKl67WzhUbSw", "album_art": "https://i.scdn.co/image/ab67616d0000b2730f79d1616e3b02368d41f458"}}, {"model": "songs.songs", "pk": 254, "fields": {"spotify_id": "1oHNvJVbFkexQc0BpQp7Y4", "mood": "Happy", "submoods": null, "name": "Starships", "artist": "Nicki Minaj", "uri": "spotify:track:1oHNvJVbFkexQc0BpQp7Y4", "album_art": "https://i.scdn.co/image/ab67616d0000b27385235715597dcd07bb9e0f84"}}, {"model": "songs.songs", "pk": 255, "fields": {"spotify_id": "0ZxhtATQ0a6EvQNZ0z6NKV", "mood": "Happy", "submoods": null, "name": "Princess Diana (with Nicki Minaj)", "artist": "Ice Spice", "uri": "spotify:track:0ZxhtATQ0a6EvQNZ0z6NKV", "album_art": "https://i.scdn.co/image/ab67616d0000b2735dd17b2860b2a79d9dda8ec3"}}, {"model": "songs.songs", "pk": 256, "fields": {"spotify_id": "1e4rwBPVI32vZtTJu7mJ4J", "mood": "Whatever", "submoods": null, "name": "Chun-Li", "artist": "Nicki Minaj", "uri": "spotify:track:1e4rwBPVI32vZtTJu7mJ4J", "album_art": "https://i.scdn.co/image/ab67616d0000b273540ab7c149079184e8724dc4"}}, {"model": "songs.songs", "pk": 257, "fields": {"spotify_id": "1ia019RqDK2o4QiANR1Dyn", "mood": "Intense", "submoods": null, "name": "Moment 4 Life", "artist": "Nicki Minaj", "uri": "spotify:track:1ia019RqDK2o4QiANR1Dyn", "album_art": "https://i.scdn.co/image/ab67616d0000b273c17570626959bfa6c2435925"}}, {"model": "songs.songs", "pk": 258, "fields": {"spotify_id": "75dLEqanQTupF3dtP9exT5", "mood": "Whatever", "submoods": null, "name": "Yikes", "artist": "Nicki Minaj", "uri": "spotify:track:75dLEqanQTupF3dtP9exT5", "album_art": "https://i.scdn.co/image/ab67616d0000b27398441652fc8a6b7ebf395ba9"}}, {"model": "songs.songs", "pk": 259, "fields": {"spotify_id": "794F99D5BQHS5ZGRXAs7I5", "mood": "Whatever", "submoods": null, "name": "Anaconda", "artist": "Nicki Minaj", "uri": "spotify:track:794F99D5BQHS5ZGRXAs7I5", "album_art": "https://i.scdn.co/image/ab67616d0000b2730f79d1616e3b02368d41f458"}}, {"model": "playlists.playlist", "pk": 10, "fields": {"user": 2, "name": "testing", "spotify_uri": "spotify:playlist:76SGx8zeU8XlcR2DRPpL38", "spotify_id": "76SGx8zeU8XlcR2DRPpL38", "song": [5, 6, 16]}}, {"model": "temp_tokens.usertemptoken", "pk": 2, "fields": {"temp_token": "3f58e867-3091-4026-b7a9-0ba133fd9db8"}}]